Name,Handedness,Height (inches),Height (m),Weight (pounds),Weight (kg),AVG,Home Runs,BMI,Rounded BMI,BMI Category,Average Home Runs
Cecil Cooper,L,74,1.8796,165,74.84268,0.298,241,21.18451169,21,Normal,42.15
Ben Oglivie,L,74,1.8796,160,72.57472,0.273,235,20.54255679,21,Normal,0
Leo Cardenas,R,71,1.8034,150,68.0388,0.257,118,20.9205219,21,Normal,0
Juan Beniquez,R,71,1.8034,150,68.0388,0.274,79,20.9205219,21,Normal,0
Enos Cabell,R,76,1.9304,170,77.11064,0.277,60,20.69282047,21,Normal,0
David Green,R,75,1.905,170,77.11064,0.268,31,21.24830774,21,Normal,0
Johnnie LeMaster,R,74,1.8796,165,74.84268,0.222,22,21.18451169,21,Normal,0
Bill Voss,L,74,1.8796,160,72.57472,0.227,19,20.54255679,21,Normal,0
Dick Simpson,R,76,1.9304,176,79.832192,0.207,15,21.42315531,21,Normal,0
Sandy Alomar,B,69,1.7526,140,63.50288,0.245,13,20.67415687,21,Normal,0
Alan Wiggins,B,74,1.8796,160,72.57472,0.259,5,20.54255679,21,Normal,0
Frank Taveras,R,72,1.8288,155,70.30676,0.255,2,21.02154629,21,Normal,0
Danny Ainge,R,76,1.9304,175,79.3786,0.22,2,21.30143284,21,Normal,0
Jose Arcia,R,75,1.905,170,77.11064,0.215,1,21.24830774,21,Normal,0
Win Remmerswaal,R,74,1.8796,160,72.57472,0,0,20.54255679,21,Normal,0
Dave Rajsich,L,77,1.9558,175,79.3786,0,0,20.75174162,21,Normal,0
Oswaldo Peraza,R,76,1.9304,172,78.017824,0,0,20.93626542,21,Normal,0
Tony Ferreira,L,73,1.8542,160,72.57472,0,0,21.10922143,21,Normal,0
Charlie Mitchell,R,75,1.905,170,77.11064,0,0,21.24830774,21,Normal,0
Jim Dorsey,R,79,2.0066,190,86.18248,0,0,21.40411972,21,Normal,0
Tony Perez,R,74,1.8796,175,79.3786,0.279,379,22.46842149,22,Normal,29.30097087
Bobby Murcer,L,71,1.8034,160,72.57472,0.277,252,22.31522336,22,Normal,0
Oscar Gamble,L,71,1.8034,160,72.57472,0.265,200,22.31522336,22,Normal,0
Cesar Cedeno,R,74,1.8796,175,79.3786,0.285,199,22.46842149,22,Normal,0
Don Money,R,73,1.8542,170,77.11064,0.261,176,22.42854777,22,Normal,0
Jose Cardenal,R,70,1.778,150,68.0388,0.275,138,21.5225206,22,Normal,0
Davey Johnson,R,73,1.8542,170,77.11064,0.261,136,22.42854777,22,Normal,0
Garry Maddox,R,75,1.905,175,79.3786,0.285,117,21.87325797,22,Normal,0
Johnny Grubb,L,75,1.905,175,79.3786,0.278,99,21.87325797,22,Normal,0
Jerry Morales,R,70,1.778,155,70.30676,0.259,95,22.23993795,22,Normal,0
Mike Davis,L,74,1.8796,175,79.3786,0.259,91,22.46842149,22,Normal,0
Glenn Hubbard,R,69,1.7526,150,68.0388,0.244,70,22.15088236,22,Normal,0
Charley Smith,R,73,1.8542,170,77.11064,0.239,69,22.42854777,22,Normal,0
Art Shamsky,L,73,1.8542,168,76.203456,0.253,68,22.1646825,22,Normal,0
Bobby Knoop,R,73,1.8542,170,77.11064,0.236,56,22.42854777,22,Normal,0
Cesar Geronimo,L,72,1.8288,165,74.84268,0.258,51,22.37777508,22,Normal,0
Paul Casanova,R,76,1.9304,180,81.64656,0.225,50,21.91004521,22,Normal,0
Derrel Thomas,B,72,1.8288,160,72.57472,0.249,43,21.69966068,22,Normal,0
Andres Thomas,R,73,1.8542,170,77.11064,0.234,42,22.42854777,22,Normal,0
Rennie Stennett,R,71,1.8034,160,72.57472,0.274,41,22.31522336,22,Normal,0
Jerry Royster,R,72,1.8288,165,74.84268,0.249,40,22.37777508,22,Normal,0
Damaso Garcia,R,73,1.8542,165,74.84268,0.283,36,21.7688846,22,Normal,0
Bill Almon,R,75,1.905,180,81.64656,0.254,36,22.4982082,22,Normal,0
Jake Wood,R,73,1.8542,163,73.935496,0.25,35,21.50501933,22,Normal,0
Ed Goodson,L,75,1.905,180,81.64656,0.26,30,22.4982082,22,Normal,0
Rey Quinones,R,71,1.8034,160,72.57472,0.243,29,22.31522336,22,Normal,0
Bob Dernier,R,72,1.8288,160,72.57472,0.255,23,21.69966068,22,Normal,0
Marty Perez,R,71,1.8034,160,72.57472,0.246,22,22.31522336,22,Normal,0
Ron Washington,R,71,1.8034,155,70.30676,0.261,20,21.61787263,22,Normal,0
Thad Bosley,L,75,1.905,175,79.3786,0.272,20,21.87325797,22,Normal,0
Mark Belanger,R,73,1.8542,170,77.11064,0.228,20,22.42854777,22,Normal,0
Rudy Law,L,73,1.8542,165,74.84268,0.271,18,21.7688846,22,Normal,0
Tony Scott,B,72,1.8288,164,74.389088,0.249,17,22.2421522,22,Normal,0
Larry Bowa,B,70,1.778,155,70.30676,0.26,15,22.23993795,22,Normal,0
Vern Fuller,R,73,1.8542,170,77.11064,0.232,14,22.42854777,22,Normal,0
Don Kessinger,B,73,1.8542,170,77.11064,0.252,14,22.42854777,22,Normal,0
Ken Hubbs,R,74,1.8796,175,79.3786,0.247,14,22.46842149,22,Normal,0
Rafael Santana,R,73,1.8542,165,74.84268,0.246,13,21.7688846,22,Normal,0
Larry Milbourne,B,72,1.8288,161,73.028312,0.254,11,21.83528356,22,Normal,0
Brian Giles,R,73,1.8542,165,74.84268,0.228,10,21.7688846,22,Normal,0
Dave Rosello,R,71,1.8034,160,72.57472,0.236,10,22.31522336,22,Normal,0
Joe Simpson,L,75,1.905,175,79.3786,0.242,9,21.87325797,22,Normal,0
Rick Auerbach,R,72,1.8288,165,74.84268,0.22,9,22.37777508,22,Normal,0
Luis Melendez,R,72,1.8288,165,74.84268,0.248,9,22.37777508,22,Normal,0
Domingo Ramos,R,70,1.778,154,69.853168,0.24,8,22.09645448,22,Normal,0
Dick Tracewski,R,71,1.8034,160,72.57472,0.213,8,22.31522336,22,Normal,0
Ed Romero,R,71,1.8034,160,72.57472,0.247,8,22.31522336,22,Normal,0
Jimmy Stewart,B,72,1.8288,165,74.84268,0.237,8,22.37777508,22,Normal,0
Curt Ford,L,70,1.778,150,68.0388,0.245,7,21.5225206,22,Normal,0
Doug Griffin,R,72,1.8288,160,72.57472,0.245,7,21.69966068,22,Normal,0
Al Weis,B,72,1.8288,160,72.57472,0.219,7,21.69966068,22,Normal,0
Sonny Jackson,L,69,1.7526,150,68.0388,0.251,7,22.15088236,22,Normal,0
Mario Guerrero,R,70,1.778,155,70.30676,0.257,7,22.23993795,22,Normal,0
Bud Harrelson,B,71,1.8034,160,72.57472,0.236,7,22.31522336,22,Normal,0
Ted Martinez,R,72,1.8288,165,74.84268,0.24,7,22.37777508,22,Normal,0
Jerry Kenney,L,73,1.8542,170,77.11064,0.237,7,22.42854777,22,Normal,0
Miguel Dilone,B,72,1.8288,160,72.57472,0.265,6,21.69966068,22,Normal,0
Wilbur Howard,B,74,1.8796,170,77.11064,0.25,6,21.82646659,22,Normal,0
Dal Maxvill,R,71,1.8034,157,71.213944,0.217,6,21.89681293,22,Normal,0
Buddy Biancalana,B,71,1.8034,160,72.57472,0.205,6,22.31522336,22,Normal,0
Luis Pujols,R,74,1.8796,175,79.3786,0.193,6,22.46842149,22,Normal,0
Albert Hall,B,71,1.8034,155,70.30676,0.251,5,21.61787263,22,Normal,0
Andre Robertson,R,70,1.778,155,70.30676,0.251,5,22.23993795,22,Normal,0
Roger Metzger,B,72,1.8288,165,74.84268,0.231,5,22.37777508,22,Normal,0
Frank Quilici,R,73,1.8542,170,77.11064,0.214,5,22.42854777,22,Normal,0
Tommy John,R,75,1.905,180,81.64656,0.157,5,22.4982082,22,Normal,0
John Donaldson,L,71,1.8034,160,72.57472,0.238,4,22.31522336,22,Normal,0
Tommy Dean,R,72,1.8288,165,74.84268,0.18,4,22.37777508,22,Normal,0
Rodney Scott,B,72,1.8288,160,72.57472,0.236,3,21.69966068,22,Normal,0
Mike Fischlin,R,73,1.8542,165,74.84268,0.22,3,21.7688846,22,Normal,0
Don Mason,L,71,1.8034,160,72.57472,0.205,3,22.31522336,22,Normal,0
Mark Wagner,R,72,1.8288,165,74.84268,0.243,3,22.37777508,22,Normal,0
Mike Edwards,R,70,1.778,154,69.853168,0.25,2,22.09645448,22,Normal,0
Mike Ramsey,B,73,1.8542,170,77.11064,0.24,2,22.42854777,22,Normal,0
Ken Holtzman,R,74,1.8796,175,79.3786,0.163,2,22.46842149,22,Normal,0
Gil Garrido,R,69,1.7526,150,68.0388,0.237,1,22.15088236,22,Normal,0
Steve Blass,R,72,1.8288,165,74.84268,0.172,1,22.37777508,22,Normal,0
Bob Randall,R,74,1.8796,175,79.3786,0.257,1,22.46842149,22,Normal,0
Francisco Barrios,R,71,1.8034,155,70.30676,0,0,21.61787263,22,Normal,0
Rafael Vasquez,R,72,1.8288,160,72.57472,0,0,21.69966068,22,Normal,0
Jim Wright,R,73,1.8542,165,74.84268,0,0,21.7688846,22,Normal,0
Luis Sanchez,R,74,1.8796,170,77.11064,0,0,21.82646659,22,Normal,0
Danny Fife,R,75,1.905,175,79.3786,0,0,21.87325797,22,Normal,0
Juan Nieves,L,75,1.905,175,79.3786,0,0,21.87325797,22,Normal,0
Eric Hetzel,R,75,1.905,175,79.3786,0,0,21.87325797,22,Normal,0
Larry Lintz,B,69,1.7526,150,68.0388,0.227,0,22.15088236,22,Normal,0
Luis Gomez,R,69,1.7526,150,68.0388,0.21,0,22.15088236,22,Normal,0
Jay Pettibone,R,76,1.9304,182,82.553744,0,0,22.15349015,22,Normal,0
Ramon Pena,R,70,1.778,155,70.30676,0,0,22.23993795,22,Normal,0
Tom Brown,R,73,1.8542,170,77.11064,0,0,22.42854777,22,Normal,0
Mickey Lolich,B,73,1.8542,170,77.11064,0.11,0,22.42854777,22,Normal,0
Tim Johnson,L,73,1.8542,170,77.11064,0.223,0,22.42854777,22,Normal,0
Steve Rogers,R,74,1.8796,175,79.3786,0.138,0,22.46842149,22,Normal,0
Ed Crosby,L,74,1.8796,175,79.3786,0.22,0,22.46842149,22,Normal,0
John Pawlowski,R,74,1.8796,175,79.3786,0,0,22.46842149,22,Normal,0
Jack Hardy,R,74,1.8796,175,79.3786,0,0,22.46842149,22,Normal,0
Luis Quintana,L,74,1.8796,175,79.3786,0,0,22.46842149,22,Normal,0
Curt Kaufman,R,74,1.8796,175,79.3786,0,0,22.46842149,22,Normal,0
Zach Crouch,L,75,1.905,180,81.64656,0,0,22.4982082,22,Normal,0
Mike Smith,R,75,1.905,180,81.64656,0,0,22.4982082,22,Normal,0
Craig Mitchell,R,75,1.905,180,81.64656,0,0,22.4982082,22,Normal,0
John Caneira,R,75,1.905,180,81.64656,0,0,22.4982082,22,Normal,0
Jeff Bettendorf,R,75,1.905,180,81.64656,0,0,22.4982082,22,Normal,0
Jimmy Wynn,R,70,1.778,160,72.57472,0.25,291,22.9573553,23,Normal,35.61654135
Dusty Baker,R,74,1.8796,183,83.007336,0.278,242,23.49554933,23,Normal,0
Bobby Grich,R,74,1.8796,180,81.64656,0.266,224,23.11037639,23,Normal,0
Tony Oliva,L,73,1.8542,175,79.3786,0.304,220,23.08821094,23,Normal,0
Amos Otis,R,71,1.8034,165,74.84268,0.277,193,23.01257409,23,Normal,0
Willie Davis,L,74,1.8796,180,81.64656,0.279,182,23.11037639,23,Normal,0
Tony Conigliaro,R,75,1.905,185,83.91452,0.264,166,23.12315842,23,Normal,0
Jose Cruz,L,72,1.8288,170,77.11064,0.284,165,23.05588948,23,Normal,0
Roy White,B,70,1.778,160,72.57472,0.271,160,22.9573553,23,Normal,0
Frank White,R,71,1.8034,165,74.84268,0.255,160,23.01257409,23,Normal,0
Willie Montanez,L,72,1.8288,170,77.11064,0.275,139,23.05588948,23,Normal,0
Paul Blair,R,72,1.8288,168,76.203456,0.25,134,22.78464372,23,Normal,0
Jody Davis,R,76,1.9304,192,87.089664,0.245,127,23.37071489,23,Normal,0
Ken Henderson,B,74,1.8796,180,81.64656,0.257,122,23.11037639,23,Normal,0
Chris Speier,R,73,1.8542,175,79.3786,0.246,112,23.08821094,23,Normal,0
Ollie Brown,R,74,1.8796,178,80.739376,0.265,102,22.85359443,23,Normal,0
Jay Johnstone,L,73,1.8542,175,79.3786,0.267,102,23.08821094,23,Normal,0
Rod Carew,L,72,1.8288,170,77.11064,0.328,92,23.05588948,23,Normal,0
Lee Lacy,R,73,1.8542,175,79.3786,0.286,91,23.08821094,23,Normal,0
Bert Campaneris,R,70,1.778,160,72.57472,0.259,79,22.9573553,23,Normal,0
Otto Velez,R,72,1.8288,170,77.11064,0.251,78,23.05588948,23,Normal,0
Julian Javier,R,73,1.8542,175,79.3786,0.257,78,23.08821094,23,Normal,0
Don Wert,R,70,1.778,162,73.481904,0.242,77,23.24432224,23,Normal,0
Danny Cater,R,72,1.8288,170,77.11064,0.276,66,23.05588948,23,Normal,0
Ellie Hendricks,L,73,1.8542,175,79.3786,0.22,62,23.08821094,23,Normal,0
Ed Brinkman,R,72,1.8288,170,77.11064,0.224,60,23.05588948,23,Normal,0
Adolfo Phillips,R,73,1.8542,175,79.3786,0.247,59,23.08821094,23,Normal,0
Paul Schaal,R,71,1.8034,165,74.84268,0.244,57,23.01257409,23,Normal,0
Gene Alley,R,70,1.778,160,72.57472,0.254,55,22.9573553,23,Normal,0
Cookie Rojas,R,70,1.778,160,72.57472,0.263,54,22.9573553,23,Normal,0
Rich Reese,L,75,1.905,185,83.91452,0.253,52,23.12315842,23,Normal,0
Larry Brown,R,70,1.778,160,72.57472,0.233,47,22.9573553,23,Normal,0
Cesar Tovar,R,69,1.7526,155,70.30676,0.278,46,22.88924511,23,Normal,0
Craig Reynolds,L,73,1.8542,175,79.3786,0.256,42,23.08821094,23,Normal,0
Dave Stapleton,R,73,1.8542,178,80.739376,0.271,41,23.48400884,23,Normal,0
Billy Cowan,R,72,1.8288,170,77.11064,0.236,40,23.05588948,23,Normal,0
Omar Moreno,L,74,1.8796,180,81.64656,0.252,37,23.11037639,23,Normal,0
Vic Davalillo,L,67,1.7018,150,68.0388,0.279,36,23.49306102,23,Normal,0
Rowland Office,L,72,1.8288,170,77.11064,0.259,32,23.05588948,23,Normal,0
Chico Salmon,R,70,1.778,160,72.57472,0.249,31,22.9573553,23,Normal,0
Manny Mota,R,70,1.778,160,72.57472,0.304,31,22.9573553,23,Normal,0
Ken Boswell,L,72,1.8288,170,77.11064,0.248,31,23.05588948,23,Normal,0
Dave Rader,L,71,1.8034,165,74.84268,0.257,30,23.01257409,23,Normal,0
Felix Torres,R,71,1.8034,165,74.84268,0.254,27,23.01257409,23,Normal,0
Eddie Leon,R,72,1.8288,170,77.11064,0.236,24,23.05588948,23,Normal,0
Chuck Schilling,R,70,1.778,160,72.57472,0.239,23,22.9573553,23,Normal,0
Glenn Hoffman,R,73,1.8542,175,79.3786,0.242,23,23.08821094,23,Normal,0
Reid Nichols,R,71,1.8034,165,74.84268,0.266,22,23.01257409,23,Normal,0
Bobby Mitchell,R,75,1.905,185,83.91452,0.235,21,23.12315842,23,Normal,0
Dave Nelson,R,70,1.778,160,72.57472,0.244,20,22.9573553,23,Normal,0
Bruce Benedict,R,73,1.8542,175,79.3786,0.242,18,23.08821094,23,Normal,0
Hosken Powell,L,73,1.8542,175,79.3786,0.259,17,23.08821094,23,Normal,0
Pepe Mangual,R,70,1.778,157,71.213944,0.242,16,22.52690489,23,Normal,0
Ray Oyler,R,71,1.8034,165,74.84268,0.175,15,23.01257409,23,Normal,0
Gene Michael,B,74,1.8796,183,83.007336,0.229,15,23.49554933,23,Normal,0
Dave Edwards,R,72,1.8288,170,77.11064,0.237,14,23.05588948,23,Normal,0
Tom Veryzer,R,73,1.8542,175,79.3786,0.241,14,23.08821094,23,Normal,0
Rod Gilbreath,R,74,1.8796,180,81.64656,0.248,14,23.11037639,23,Normal,0
Tim Harkness,L,74,1.8796,182,82.553744,0.235,14,23.36715835,23,Normal,0
Vic Harris,B,71,1.8034,165,74.84268,0.217,13,23.01257409,23,Normal,0
Jim Anderson,R,72,1.8288,170,77.11064,0.218,13,23.05588948,23,Normal,0
Jackie Hernandez,R,71,1.8034,165,74.84268,0.208,12,23.01257409,23,Normal,0
Brian Asselstine,L,73,1.8542,175,79.3786,0.254,12,23.08821094,23,Normal,0
Mike Phillips,L,72,1.8288,170,77.11064,0.24,11,23.05588948,23,Normal,0
Rufino Linares,R,72,1.8288,170,77.11064,0.27,11,23.05588948,23,Normal,0
Bob Meacham,B,73,1.8542,175,79.3786,0.236,8,23.08821094,23,Normal,0
Hal Lanier,R,74,1.8796,180,81.64656,0.228,8,23.11037639,23,Normal,0
Greg Gross,L,70,1.778,160,72.57472,0.287,7,22.9573553,23,Normal,0
Doug Flynn,R,71,1.8034,165,74.84268,0.238,7,23.01257409,23,Normal,0
Stan Papi,R,72,1.8288,170,77.11064,0.218,7,23.05588948,23,Normal,0
Tony Muser,L,74,1.8796,180,81.64656,0.259,7,23.11037639,23,Normal,0
Mel Stottlemyre,R,73,1.8542,178,80.739376,0.16,7,23.48400884,23,Normal,0
Brad Wellman,R,72,1.8288,170,77.11064,0.231,6,23.05588948,23,Normal,0
Ty Cline,L,72,1.8288,170,77.11064,0.238,6,23.05588948,23,Normal,0
Terry Humphrey,R,75,1.905,185,83.91452,0.211,6,23.12315842,23,Normal,0
Lenny Faedo,R,72,1.8288,170,77.11064,0.251,5,23.05588948,23,Normal,0
Joaquin Andujar,B,72,1.8288,170,77.11064,0.127,5,23.05588948,23,Normal,0
Wallace Johnson,B,72,1.8288,173,78.471416,0.255,5,23.46275811,23,Normal,0
Julio Gonzalez,R,71,1.8034,162,73.481904,0.235,4,22.59416366,23,Normal,0
Tom Matchick,L,73,1.8542,173,78.471416,0.215,4,22.82434567,23,Normal,0
Jerry Terrell,R,71,1.8034,165,74.84268,0.253,4,23.01257409,23,Normal,0
Mike Richardt,R,72,1.8288,170,77.11064,0.226,4,23.05588948,23,Normal,0
Terry Harmon,R,74,1.8796,180,81.64656,0.233,4,23.11037639,23,Normal,0
Bryan Little,B,70,1.778,160,72.57472,0.245,3,22.9573553,23,Normal,0
Jerry Dybzinski,R,74,1.8796,180,81.64656,0.234,3,23.11037639,23,Normal,0
Sam McDowell,L,77,1.9558,190,86.18248,0.154,2,22.53046233,23,Normal,0
Chico Ruiz,B,72,1.8288,169,76.657048,0.24,2,22.9202666,23,Normal,0
Nate Oliver,R,70,1.778,160,72.57472,0.226,2,22.9573553,23,Normal,0
Jack Perconte,L,70,1.778,160,72.57472,0.27,2,22.9573553,23,Normal,0
Jose Tartabull,L,71,1.8034,165,74.84268,0.261,2,23.01257409,23,Normal,0
Pepe Frias,R,70,1.778,159,72.121128,0.24,1,22.81387183,23,Normal,0
Brock Davis,L,70,1.778,160,72.57472,0.26,1,22.9573553,23,Normal,0
Woody Woodward,R,74,1.8796,180,81.64656,0.236,1,23.11037639,23,Normal,0
John Butcher,R,76,1.9304,185,83.91452,0,0,22.51865757,23,Normal,0
Daryl Smith,R,76,1.9304,185,83.91452,0,0,22.51865757,23,Normal,0
Rick Jones,L,77,1.9558,190,86.18248,0,0,22.53046233,23,Normal,0
Rich Barnes,R,76,1.9304,186,84.368112,0,0,22.64038005,23,Normal,0
Cesar Gutierrez,R,69,1.7526,155,70.30676,0.235,0,22.88924511,23,Normal,0
Bill Wilkinson,R,70,1.778,160,72.57472,0,0,22.9573553,23,Normal,0
Narciso Elvira,L,70,1.778,160,72.57472,0,0,22.9573553,23,Normal,0
Marty Martinez,B,72,1.8288,170,77.11064,0.243,0,23.05588948,23,Normal,0
Joe Horlen,R,72,1.8288,170,77.11064,0.134,0,23.05588948,23,Normal,0
De Wayne Buice,R,72,1.8288,170,77.11064,0,0,23.05588948,23,Normal,0
Jerry Kutzler,L,73,1.8542,175,79.3786,0,0,23.08821094,23,Normal,0
Brian Allard,R,73,1.8542,175,79.3786,0,0,23.08821094,23,Normal,0
Mike Warren,R,73,1.8542,175,79.3786,0,0,23.08821094,23,Normal,0
Clint Zavaras,R,73,1.8542,175,79.3786,0,0,23.08821094,23,Normal,0
Byron McLaughlin,R,73,1.8542,175,79.3786,0,0,23.08821094,23,Normal,0
Jeff Sellers,R,73,1.8542,175,79.3786,0,0,23.08821094,23,Normal,0
Don Gordon,R,73,1.8542,175,79.3786,0,0,23.08821094,23,Normal,0
Ray Chadwick,B,74,1.8796,180,81.64656,0,0,23.11037639,23,Normal,0
Fernando Arroyo,R,74,1.8796,180,81.64656,0,0,23.11037639,23,Normal,0
Keith Creel,R,74,1.8796,180,81.64656,0,0,23.11037639,23,Normal,0
Mike Bacsik,R,74,1.8796,180,81.64656,0,0,23.11037639,23,Normal,0
Phil Huffman,R,74,1.8796,180,81.64656,0,0,23.11037639,23,Normal,0
Larry Rothschild,L,74,1.8796,180,81.64656,0,0,23.11037639,23,Normal,0
Jim Umbarger,L,78,1.9812,200,90.7184,0,0,23.11206463,23,Normal,0
Jeff Barkley,B,75,1.905,185,83.91452,0,0,23.12315842,23,Normal,0
Gary Mielke,R,75,1.905,185,83.91452,0,0,23.12315842,23,Normal,0
Rob Woodward,R,75,1.905,185,83.91452,0,0,23.12315842,23,Normal,0
Alfredo Martinez,R,75,1.905,185,83.91452,0,0,23.12315842,23,Normal,0
John Denny,R,75,1.905,185,83.91452,0.17,0,23.12315842,23,Normal,0
Brian Snyder,L,75,1.905,185,83.91452,0,0,23.12315842,23,Normal,0
Jeff Richardson,R,75,1.905,185,83.91452,0,0,23.12315842,23,Normal,0
Chris Knapp,R,77,1.9558,195,88.45044,0,0,23.12336924,23,Normal,0
Albert Williams,R,76,1.9304,190,86.18248,0,0,23.12726994,23,Normal,0
Dave Ford,R,76,1.9304,190,86.18248,0,0,23.12726994,23,Normal,0
T.R. Bryden,R,76,1.9304,190,86.18248,0,0,23.12726994,23,Normal,0
Mike Darr,R,76,1.9304,190,86.18248,0,0,23.12726994,23,Normal,0
Karl Best,R,76,1.9304,190,86.18248,0,0,23.12726994,23,Normal,0
Keith Macwhorter,R,76,1.9304,190,86.18248,0,0,23.12726994,23,Normal,0
Alan Wirth,R,76,1.9304,190,86.18248,0,0,23.12726994,23,Normal,0
Chuck Porter,R,75,1.905,187,84.821704,0,0,23.37313852,23,Normal,0
Willie Stargell,L,74,1.8796,188,85.275296,0.282,475,24.13750423,24,Normal,41.39588689
Carl Yastrzemski,L,71,1.8034,175,79.3786,0.285,452,24.40727556,24,Normal,0
Dave Kingman,R,78,1.9812,210,95.25432,0.236,442,24.26766786,24,Normal,0
Graig Nettles,L,72,1.8288,180,81.64656,0.248,390,24.41211827,24,Normal,0
Lee May,R,75,1.905,195,88.45044,0.267,354,24.37305888,24,Normal,0
George Foster,R,73,1.8542,180,81.64656,0.274,348,23.7478741,24,Normal,0
Reggie Smith,B,72,1.8288,180,81.64656,0.287,314,24.41211827,24,Normal,0
Fred Lynn,L,73,1.8542,185,83.91452,0.283,306,24.40753727,24,Normal,0
Rusty Staub,L,74,1.8796,190,86.18248,0.279,292,24.39428619,24,Normal,0
George Hendrick,R,75,1.905,195,88.45044,0.278,267,24.37305888,24,Normal,0
Larry Parrish,R,75,1.905,190,86.18248,0.263,256,23.74810865,24,Normal,0
Rick Monday,L,75,1.905,193,87.543256,0.264,241,24.12307879,24,Normal,0
Doug DeCinces,R,74,1.8796,190,86.18248,0.259,237,24.39428619,24,Normal,0
Gary Matthews,R,74,1.8796,185,83.91452,0.281,234,23.75233129,24,Normal,0
Joe Pepitone,L,74,1.8796,185,83.91452,0.258,219,23.75233129,24,Normal,0
Rico Petrocelli,R,72,1.8288,175,79.3786,0.251,210,23.73400387,24,Normal,0
Jason Thompson,L,76,1.9304,200,90.7184,0.261,208,24.34449467,24,Normal,0
Buddy Bell,R,73,1.8542,180,81.64656,0.279,201,23.7478741,24,Normal,0
Toby Harrah,R,72,1.8288,175,79.3786,0.264,195,23.73400387,24,Normal,0
Bob Bailey,R,73,1.8542,180,81.64656,0.257,189,23.7478741,24,Normal,0
Nate Colbert,R,74,1.8796,190,86.18248,0.243,173,24.39428619,24,Normal,0
Bill Robinson,R,74,1.8796,189,85.728888,0.258,166,24.26589521,24,Normal,0
Dwayne Murphy,L,73,1.8542,185,83.91452,0.246,166,24.40753727,24,Normal,0
Roy Smalley,B,73,1.8542,185,83.91452,0.257,163,24.40753727,24,Normal,0
Keith Hernandez,L,72,1.8288,180,81.64656,0.296,162,24.41211827,24,Normal,0
Jim Hickman,R,75,1.905,192,87.089664,0.252,159,23.99808874,24,Normal,0
Ken McMullen,R,75,1.905,190,86.18248,0.248,156,23.74810865,24,Normal,0
Tom Tresh,B,73,1.8542,180,81.64656,0.245,153,23.7478741,24,Normal,0
Jim Northrup,L,75,1.905,190,86.18248,0.267,153,23.74810865,24,Normal,0
Lou Brock,L,71,1.8034,170,77.11064,0.293,149,23.70992483,24,Normal,0
Sixto Lezcano,R,70,1.778,165,74.84268,0.271,148,23.67477266,24,Normal,0
Ruppert Jones,L,70,1.778,170,77.11064,0.25,147,24.39219001,24,Normal,0
Leon Durham,L,73,1.8542,185,83.91452,0.277,147,24.40753727,24,Normal,0
Tommy Harper,R,69,1.7526,165,74.84268,0.257,146,24.3659706,24,Normal,0
Tom Haller,L,76,1.9304,195,88.45044,0.257,134,23.73588231,24,Normal,0
Mack Jones,L,73,1.8542,180,81.64656,0.252,133,23.7478741,24,Normal,0
Ken Harrelson,R,74,1.8796,190,86.18248,0.239,131,24.39428619,24,Normal,0
Jorge Orta,L,70,1.778,170,77.11064,0.278,130,24.39219001,24,Normal,0
Jimmie Hall,L,72,1.8288,175,79.3786,0.254,121,23.73400387,24,Normal,0
Dan Ford,R,73,1.8542,185,83.91452,0.27,121,24.40753727,24,Normal,0
Mickey Stanley,R,73,1.8542,185,83.91452,0.248,117,24.40753727,24,Normal,0
John Lowenstein,L,72,1.8288,175,79.3786,0.253,116,23.73400387,24,Normal,0
Chuck Hinton,R,73,1.8542,180,81.64656,0.264,113,23.7478741,24,Normal,0
Jim Morrison,R,71,1.8034,175,79.3786,0.26,112,24.40727556,24,Normal,0
Dave Duncan,R,74,1.8796,190,86.18248,0.214,109,24.39428619,24,Normal,0
Larry Herndon,R,75,1.905,190,86.18248,0.274,107,23.74810865,24,Normal,0
Bruce Bochte,L,75,1.905,195,88.45044,0.282,100,24.37305888,24,Normal,0
Ozzie Virgil,R,73,1.8542,180,81.64656,0.243,98,23.7478741,24,Normal,0
Pete Ward,L,73,1.8542,185,83.91452,0.254,98,24.40753727,24,Normal,0
Bernie Carbo,L,71,1.8034,173,78.471416,0.264,96,24.12833526,24,Normal,0
Lee Mazzilli,B,73,1.8542,180,81.64656,0.259,93,23.7478741,24,Normal,0
Ken Landreaux,L,70,1.778,165,74.84268,0.268,91,23.67477266,24,Normal,0
Cito Gaston,R,75,1.905,190,86.18248,0.256,91,23.74810865,24,Normal,0
Alan Ashby,B,74,1.8796,185,83.91452,0.245,90,23.75233129,24,Normal,0
Mike Lum,L,72,1.8288,180,81.64656,0.247,90,24.41211827,24,Normal,0
Del Unser,L,73,1.8542,180,81.64656,0.258,87,23.7478741,24,Normal,0
Bobby Tolan,L,71,1.8034,170,77.11064,0.265,86,23.70992483,24,Normal,0
Ed Charles,R,70,1.778,170,77.11064,0.263,86,24.39219001,24,Normal,0
Ray Knight,R,73,1.8542,185,83.91452,0.271,84,24.40753727,24,Normal,0
Bobby Darwin,R,74,1.8796,190,86.18248,0.251,83,24.39428619,24,Normal,0
Randy Hundley,R,71,1.8034,170,77.11064,0.236,82,23.70992483,24,Normal,0
Roger Repoz,L,75,1.905,190,86.18248,0.224,82,23.74810865,24,Normal,0
Joel Youngblood,R,72,1.8288,180,81.64656,0.265,80,24.41211827,24,Normal,0
Jim Dwyer,L,70,1.778,165,74.84268,0.26,77,23.67477266,24,Normal,0
Pat Kelly,L,73,1.8542,185,83.91452,0.264,76,24.40753727,24,Normal,0
Jim Lefebvre,B,72,1.8288,180,81.64656,0.251,74,24.41211827,24,Normal,0
Bernie Allen,L,72,1.8288,175,79.3786,0.239,73,23.73400387,24,Normal,0
Tom Brookens,R,70,1.778,165,74.84268,0.246,71,23.67477266,24,Normal,0
Jerry Mumphrey,B,74,1.8796,185,83.91452,0.289,70,23.75233129,24,Normal,0
Mike Shannon,R,75,1.905,195,88.45044,0.255,68,24.37305888,24,Normal,0
Steve Henderson,R,74,1.8796,190,86.18248,0.28,68,24.39428619,24,Normal,0
Ken Reitz,R,72,1.8288,180,81.64656,0.26,68,24.41211827,24,Normal,0
Mike Andrews,R,75,1.905,195,88.45044,0.258,66,24.37305888,24,Normal,0
Tom Grieve,R,74,1.8796,190,86.18248,0.249,65,24.39428619,24,Normal,0
Lou Clinton,R,73,1.8542,185,83.91452,0.247,65,24.40753727,24,Normal,0
Wes Parker,B,73,1.8542,180,81.64656,0.267,64,23.7478741,24,Normal,0
Bake McBride,L,74,1.8796,190,86.18248,0.299,63,24.39428619,24,Normal,0
Mickey Rivers,L,70,1.778,165,74.84268,0.295,61,23.67477266,24,Normal,0
Gary Thomasson,L,73,1.8542,180,81.64656,0.249,61,23.7478741,24,Normal,0
Wayne Garrett,L,71,1.8034,175,79.3786,0.239,61,24.40727556,24,Normal,0
Ken Berry,R,72,1.8288,175,79.3786,0.255,58,23.73400387,24,Normal,0
Rick Manning,L,73,1.8542,180,81.64656,0.257,56,23.7478741,24,Normal,0
Barry Bonnell,R,75,1.905,190,86.18248,0.272,56,23.74810865,24,Normal,0
Johnny Ray,B,71,1.8034,170,77.11064,0.29,53,23.70992483,24,Normal,0
Buddy Bradford,R,71,1.8034,170,77.11064,0.226,52,23.70992483,24,Normal,0
Rick Burleson,R,70,1.778,165,74.84268,0.273,50,23.67477266,24,Normal,0
Dale Berra,R,72,1.8288,180,81.64656,0.236,49,24.41211827,24,Normal,0
Lou Johnson,R,71,1.8034,170,77.11064,0.258,48,23.70992483,24,Normal,0
Bill Russell,R,72,1.8288,175,79.3786,0.263,46,23.73400387,24,Normal,0
Tito Fuentes,B,71,1.8034,175,79.3786,0.268,45,24.40727556,24,Normal,0
Bill Stein,R,70,1.778,170,77.11064,0.267,44,24.39219001,24,Normal,0
Phil Roof,R,74,1.8796,190,86.18248,0.215,43,24.39428619,24,Normal,0
Art Howe,R,74,1.8796,190,86.18248,0.26,43,24.39428619,24,Normal,0
Rich Dauer,R,72,1.8288,180,81.64656,0.257,43,24.41211827,24,Normal,0
Ron Oester,B,74,1.8796,185,83.91452,0.265,42,23.75233129,24,Normal,0
Eddie Milner,L,71,1.8034,173,78.471416,0.253,42,24.12833526,24,Normal,0
Terry Crowley,L,72,1.8288,180,81.64656,0.25,42,24.41211827,24,Normal,0
Dalton Jones,L,73,1.8542,180,81.64656,0.235,41,23.7478741,24,Normal,0
Billy Bryan,L,76,1.9304,200,90.7184,0.216,41,24.34449467,24,Normal,0
John Castino,R,71,1.8034,175,79.3786,0.278,41,24.40727556,24,Normal,0
Marvell Wynne,L,71,1.8034,175,79.3786,0.247,40,24.40727556,24,Normal,0
Billy Conigliaro,R,72,1.8288,180,81.64656,0.256,40,24.41211827,24,Normal,0
Hector Cruz,R,71,1.8034,170,77.11064,0.225,39,23.70992483,24,Normal,0
Rob Wilfong,L,73,1.8542,180,81.64656,0.248,39,23.7478741,24,Normal,0
Benny Ayala,R,73,1.8542,185,83.91452,0.251,38,24.40753727,24,Normal,0
Larry Stahl,L,72,1.8288,175,79.3786,0.232,36,23.73400387,24,Normal,0
Terry Harper,R,76,1.9304,195,88.45044,0.253,36,23.73588231,24,Normal,0
Ted Uhlaender,L,74,1.8796,190,86.18248,0.263,36,24.39428619,24,Normal,0
Al Woods,L,75,1.905,190,86.18248,0.271,35,23.74810865,24,Normal,0
Tommy Helms,R,70,1.778,165,74.84268,0.269,34,23.67477266,24,Normal,0
Todd Cruz,R,72,1.8288,175,79.3786,0.22,34,23.73400387,24,Normal,0
Mike Vail,R,73,1.8542,180,81.64656,0.279,34,23.7478741,24,Normal,0
Glenn Adams,L,73,1.8542,180,81.64656,0.28,34,23.7478741,24,Normal,0
Ted Savage,R,73,1.8542,185,83.91452,0.233,34,24.40753727,24,Normal,0
Mike Cubbage,L,72,1.8288,180,81.64656,0.258,34,24.41211827,24,Normal,0
Joe Lis,R,72,1.8288,175,79.3786,0.233,32,23.73400387,24,Normal,0
Clint Hurdle,L,75,1.905,195,88.45044,0.259,32,24.37305888,24,Normal,0
Jesus Alou,R,74,1.8796,190,86.18248,0.28,32,24.39428619,24,Normal,0
Dave Collins,B,71,1.8034,175,79.3786,0.272,32,24.40727556,24,Normal,0
Matty Alou,L,69,1.7526,160,72.57472,0.307,31,23.62760785,24,Normal,0
Joe Lefebvre,L,70,1.778,170,77.11064,0.258,31,24.39219001,24,Normal,0
Carl Warwick,R,70,1.778,170,77.11064,0.248,31,24.39219001,24,Normal,0
Buck Rodgers,B,74,1.8796,190,86.18248,0.232,31,24.39428619,24,Normal,0
Fred Kendall,R,73,1.8542,185,83.91452,0.234,31,24.40753727,24,Normal,0
Jack Brohamer,L,70,1.778,165,74.84268,0.245,30,23.67477266,24,Normal,0
Von Joshua,L,70,1.778,170,77.11064,0.273,30,24.39219001,24,Normal,0
Jerry Hairston,B,70,1.778,170,77.11064,0.258,30,24.39219001,24,Normal,0
Byron Browne,R,74,1.8796,190,86.18248,0.236,30,24.39428619,24,Normal,0
Len Matuszek,L,74,1.8796,190,86.18248,0.234,30,24.39428619,24,Normal,0
Pete Mackanin,R,74,1.8796,190,86.18248,0.226,30,24.39428619,24,Normal,0
Paul Householder,B,72,1.8288,180,81.64656,0.236,29,24.41211827,24,Normal,0
Coco Laboy,R,70,1.778,165,74.84268,0.233,28,23.67477266,24,Normal,0
Billy Grabarkewitz,R,70,1.778,165,74.84268,0.236,28,23.67477266,24,Normal,0
Rick Miller,L,72,1.8288,175,79.3786,0.269,28,23.73400387,24,Normal,0
Dick Davis,R,75,1.905,190,86.18248,0.265,27,23.74810865,24,Normal,0
Len Randle,B,70,1.778,169,76.657048,0.257,27,24.24870654,24,Normal,0
Joe Nolan,L,71,1.8034,175,79.3786,0.263,27,24.40727556,24,Normal,0
U L Washington,B,71,1.8034,175,79.3786,0.251,27,24.40727556,24,Normal,0
Kurt Bevacqua,R,72,1.8288,180,81.64656,0.236,27,24.41211827,24,Normal,0
Jerry McNertney,R,72,1.8288,180,81.64656,0.237,27,24.41211827,24,Normal,0
Andres Mora,R,72,1.8288,180,81.64656,0.223,27,24.41211827,24,Normal,0
Gene Richards,L,72,1.8288,175,79.3786,0.29,26,23.73400387,24,Normal,0
Frank Duffy,R,73,1.8542,180,81.64656,0.232,26,23.7478741,24,Normal,0
Ron Woods,R,70,1.778,168,76.203456,0.233,26,24.10522307,24,Normal,0
Bobby Brown,B,74,1.8796,190,86.18248,0.245,26,24.39428619,24,Normal,0
Manny Jimenez,L,73,1.8542,185,83.91452,0.272,26,24.40753727,24,Normal,0
Lenn Sakata,R,69,1.7526,160,72.57472,0.23,25,23.62760785,24,Normal,0
Tim Foli,R,72,1.8288,179,81.192968,0.251,25,24.27649539,24,Normal,0
Mike de la Hoz,R,71,1.8034,175,79.3786,0.251,25,24.40727556,24,Normal,0
Jake Gibbs,L,72,1.8288,180,81.64656,0.233,25,24.41211827,24,Normal,0
Syd O'Brien,R,73,1.8542,185,83.91452,0.23,24,24.40753727,24,Normal,0
Steve Whitaker,L,72,1.8288,180,81.64656,0.23,24,24.41211827,24,Normal,0
Ted Sizemore,R,70,1.778,165,74.84268,0.262,23,23.67477266,24,Normal,0
Alex Trevino,R,70,1.778,165,74.84268,0.249,23,23.67477266,24,Normal,0
Lyman Bostock,L,73,1.8542,180,81.64656,0.311,23,23.7478741,24,Normal,0
Julio Cruz,B,69,1.7526,165,74.84268,0.237,23,24.3659706,24,Normal,0
Nelson Mathews,R,76,1.9304,195,88.45044,0.223,22,23.73588231,24,Normal,0
Felix Millan,R,71,1.8034,172,78.017824,0.279,22,23.98886512,24,Normal,0
Jack Hiatt,R,74,1.8796,190,86.18248,0.251,22,24.39428619,24,Normal,0
Jerry White,B,70,1.778,164,74.389088,0.253,21,23.53128919,24,Normal,0
Dave Cash,R,71,1.8034,170,77.11064,0.283,21,23.70992483,24,Normal,0
Ivan DeJesus,R,71,1.8034,175,79.3786,0.254,21,24.40727556,24,Normal,0
Jim Wohlford,R,71,1.8034,175,79.3786,0.26,21,24.40727556,24,Normal,0
Tom Satriano,L,73,1.8542,185,83.91452,0.225,21,24.40753727,24,Normal,0
Chuck Hiller,L,71,1.8034,170,77.11064,0.243,20,23.70992483,24,Normal,0
Garth Iorg,R,71,1.8034,170,77.11064,0.258,20,23.70992483,24,Normal,0
Steve Lombardozzi,R,72,1.8288,175,79.3786,0.233,20,23.73400387,24,Normal,0
Dave Campbell,R,73,1.8542,180,81.64656,0.213,20,23.7478741,24,Normal,0
Doug Frobel,L,76,1.9304,196,88.904032,0.201,20,23.85760478,24,Normal,0
Alan Bannister,R,71,1.8034,170,77.11064,0.27,19,23.70992483,24,Normal,0
Ron Hodges,L,73,1.8542,185,83.91452,0.24,19,24.40753727,24,Normal,0
Jim Holt,L,72,1.8288,180,81.64656,0.265,19,24.41211827,24,Normal,0
Hector Torres,R,72,1.8288,175,79.3786,0.216,18,23.73400387,24,Normal,0
Johnny Jeter,R,73,1.8542,180,81.64656,0.244,18,23.7478741,24,Normal,0
Harry Spilman,L,73,1.8542,180,81.64656,0.237,18,23.7478741,24,Normal,0
Rick Leach,L,73,1.8542,180,81.64656,0.268,18,23.7478741,24,Normal,0
Fernando Gonzalez,R,70,1.778,165,74.84268,0.235,17,23.67477266,24,Normal,0
Billy Smith,B,74,1.8796,185,83.91452,0.23,17,23.75233129,24,Normal,0
Rob Picciolo,R,74,1.8796,185,83.91452,0.234,17,23.75233129,24,Normal,0
Ron Roenicke,B,72,1.8288,180,81.64656,0.238,17,24.41211827,24,Normal,0
Dick Howser,R,68,1.7272,155,70.30676,0.248,16,23.56740829,24,Normal,0
Dave Marshall,L,73,1.8542,182,82.553744,0.246,16,24.01173937,24,Normal,0
Rick Wise,R,73,1.8542,180,81.64656,0.195,15,23.7478741,24,Normal,0
Wayne Krenchicki,L,73,1.8542,180,81.64656,0.266,15,23.7478741,24,Normal,0
Daryl Sconiers,L,74,1.8796,185,83.91452,0.265,15,23.75233129,24,Normal,0
Jerry May,R,74,1.8796,190,86.18248,0.234,15,24.39428619,24,Normal,0
Mickey Klutts,R,71,1.8034,170,77.11064,0.241,14,23.70992483,24,Normal,0
Paul Popovich,B,72,1.8288,175,79.3786,0.233,14,23.73400387,24,Normal,0
Phil Gagliano,R,73,1.8542,180,81.64656,0.238,14,23.7478741,24,Normal,0
Darrel Chaney,B,74,1.8796,188,85.275296,0.217,14,24.13750423,24,Normal,0
Jim Beauchamp,R,74,1.8796,190,86.18248,0.231,14,24.39428619,24,Normal,0
Dane Iorg,L,72,1.8288,180,81.64656,0.276,14,24.41211827,24,Normal,0
Greg Pryor,R,72,1.8288,180,81.64656,0.25,14,24.41211827,24,Normal,0
Ted Kubiak,B,72,1.8288,175,79.3786,0.231,13,23.73400387,24,Normal,0
Mike Fiore,L,72,1.8288,175,79.3786,0.227,13,23.73400387,24,Normal,0
Richie Scheinblum,B,73,1.8542,180,81.64656,0.263,13,23.7478741,24,Normal,0
Steve Dillard,R,73,1.8542,180,81.64656,0.243,13,23.7478741,24,Normal,0
Tommie Aaron,R,75,1.905,190,86.18248,0.229,13,23.74810865,24,Normal,0
Gary Woods,R,74,1.8796,185,83.91452,0.243,13,23.75233129,24,Normal,0
Bob Burda,L,71,1.8034,174,78.925008,0.224,13,24.26780541,24,Normal,0
Fergie Jenkins,R,77,1.9558,205,92.98636,0.165,13,24.30918304,24,Normal,0
Tito Landrum,R,71,1.8034,175,79.3786,0.249,13,24.40727556,24,Normal,0
Tom O'Malley,L,72,1.8288,180,81.64656,0.256,13,24.41211827,24,Normal,0
Garry Hancock,L,72,1.8288,175,79.3786,0.247,12,23.73400387,24,Normal,0
Sonny Siebert,R,75,1.905,190,86.18248,0.173,12,23.74810865,24,Normal,0
Jim Mason,L,74,1.8796,185,83.91452,0.203,12,23.75233129,24,Normal,0
Larry Harlow,L,74,1.8796,185,83.91452,0.248,12,23.75233129,24,Normal,0
Bob Forsch,R,76,1.9304,200,90.7184,0.213,12,24.34449467,24,Normal,0
Tommie Reynolds,R,74,1.8796,190,86.18248,0.226,12,24.39428619,24,Normal,0
Tim Corcoran,L,71,1.8034,175,79.3786,0.27,12,24.40727556,24,Normal,0
Dick Phillips,L,72,1.8288,180,81.64656,0.229,12,24.41211827,24,Normal,0
Dan Briggs,L,72,1.8288,180,81.64656,0.195,12,24.41211827,24,Normal,0
Doug Clemens,L,72,1.8288,180,81.64656,0.229,12,24.41211827,24,Normal,0
Jeff Stone,L,72,1.8288,175,79.3786,0.277,11,23.73400387,24,Normal,0
Ken Walters,R,73,1.8542,180,81.64656,0.231,11,23.7478741,24,Normal,0
Phil Linz,R,73,1.8542,180,81.64656,0.235,11,23.7478741,24,Normal,0
Barbaro Garbey,R,70,1.778,170,77.11064,0.267,11,24.39219001,24,Normal,0
Al Gallagher,R,72,1.8288,180,81.64656,0.263,11,24.41211827,24,Normal,0
Fred Stanley,R,70,1.778,165,74.84268,0.216,10,23.67477266,24,Normal,0
Ron Davis,R,72,1.8288,175,79.3786,0.233,10,23.73400387,24,Normal,0
Bruce Boisclair,L,74,1.8796,185,83.91452,0.263,10,23.75233129,24,Normal,0
Ted Cox,R,75,1.905,195,88.45044,0.245,10,24.37305888,24,Normal,0
J.R. Richard,R,80,2.032,222,100.697424,0.168,10,24.38770615,24,Normal,0
Paul Dade,R,73,1.8542,185,83.91452,0.27,10,24.40753727,24,Normal,0
Wayne Tolleson,B,69,1.7526,160,72.57472,0.241,9,23.62760785,24,Normal,0
Gene Locklear,L,70,1.778,165,74.84268,0.274,9,23.67477266,24,Normal,0
Bob Bailor,R,71,1.8034,170,77.11064,0.264,9,23.70992483,24,Normal,0
Jack Heidemann,R,72,1.8288,175,79.3786,0.211,9,23.73400387,24,Normal,0
Bob Barton,R,72,1.8288,175,79.3786,0.226,9,23.73400387,24,Normal,0
Rick Rhoden,R,75,1.905,195,88.45044,0.238,9,24.37305888,24,Normal,0
Jim Pankovits,R,70,1.778,170,77.11064,0.25,9,24.39219001,24,Normal,0
George Smith,R,70,1.778,170,77.11064,0.205,9,24.39219001,24,Normal,0
Tim Flannery,L,71,1.8034,175,79.3786,0.255,9,24.40727556,24,Normal,0
Tim Cullen,R,73,1.8542,185,83.91452,0.22,9,24.40753727,24,Normal,0
Jim Lyttle,L,72,1.8288,180,81.64656,0.248,9,24.41211827,24,Normal,0
Boots Day,L,69,1.7526,160,72.57472,0.256,8,23.62760785,24,Normal,0
Merritt Ranew,L,71,1.8034,170,77.11064,0.247,8,23.70992483,24,Normal,0
Pedro Gonzalez,R,72,1.8288,176,79.832192,0.244,8,23.86962675,24,Normal,0
Phil Mankowski,L,72,1.8288,180,81.64656,0.264,8,24.41211827,24,Normal,0
Marv Breeding,R,72,1.8288,175,79.3786,0.25,7,23.73400387,24,Normal,0
Don Hahn,R,73,1.8542,180,81.64656,0.236,7,23.7478741,24,Normal,0
Phil Niekro,R,73,1.8542,180,81.64656,0.169,7,23.7478741,24,Normal,0
Jerry Remy,L,69,1.7526,165,74.84268,0.275,7,24.3659706,24,Normal,0
Dave Roberts,L,75,1.905,195,88.45044,0.194,7,24.37305888,24,Normal,0
Jim Maloney,L,74,1.8796,190,86.18248,0.201,7,24.39428619,24,Normal,0
Orlando Mercado,R,72,1.8288,180,81.64656,0.199,7,24.41211827,24,Normal,0
Rich Morales,R,71,1.8034,170,77.11064,0.195,6,23.70992483,24,Normal,0
Rich Chiles,L,71,1.8034,170,77.11064,0.254,6,23.70992483,24,Normal,0
Tim Blackwell,B,71,1.8034,170,77.11064,0.228,6,23.70992483,24,Normal,0
Rod Kanehl,R,73,1.8542,180,81.64656,0.241,6,23.7478741,24,Normal,0
Ken Rudolph,R,73,1.8542,180,81.64656,0.213,6,23.7478741,24,Normal,0
Ron Stone,L,74,1.8796,185,83.91452,0.241,6,23.75233129,24,Normal,0
Bob Knepper,L,75,1.905,195,88.45044,0.137,6,24.37305888,24,Normal,0
Bobby Klaus,R,70,1.778,170,77.11064,0.208,6,24.39219001,24,Normal,0
Bob Davis,R,72,1.8288,180,81.64656,0.197,6,24.41211827,24,Normal,0
Julio Gotay,R,72,1.8288,180,81.64656,0.26,6,24.41211827,24,Normal,0
Luis Alvarado,R,69,1.7526,162,73.481904,0.214,5,23.92295295,24,Normal,0
Mike Krukow,R,77,1.9558,205,92.98636,0.193,5,24.30918304,24,Normal,0
Mike Sadek,R,69,1.7526,165,74.84268,0.226,5,24.3659706,24,Normal,0
Scot Thompson,L,75,1.905,195,88.45044,0.262,5,24.37305888,24,Normal,0
Luis Tiant,R,72,1.8288,180,81.64656,0.164,5,24.41211827,24,Normal,0
Elio Chacon,R,69,1.7526,160,72.57472,0.232,4,23.62760785,24,Normal,0
Rafael Landestoy,B,70,1.778,165,74.84268,0.237,4,23.67477266,24,Normal,0
Mario Mendoza,R,71,1.8034,170,77.11064,0.215,4,23.70992483,24,Normal,0
Ron Gardenhire,R,72,1.8288,175,79.3786,0.232,4,23.73400387,24,Normal,0
Denny Lemaster,R,73,1.8542,182,82.553744,0.13,4,24.01173937,24,Normal,0
Jackie Gutierrez,R,71,1.8034,175,79.3786,0.237,4,24.40727556,24,Normal,0
Junior Kennedy,R,71,1.8034,175,79.3786,0.248,4,24.40727556,24,Normal,0
Pat Corrales,R,72,1.8288,180,81.64656,0.216,4,24.41211827,24,Normal,0
Manny Castillo,B,69,1.7526,160,72.57472,0.242,3,23.62760785,24,Normal,0
Winston Llenas,R,70,1.778,165,74.84268,0.23,3,23.67477266,24,Normal,0
Jim Lonborg,R,77,1.9558,200,90.7184,0.136,3,23.71627614,24,Normal,0
Jerry Zimmerman,R,74,1.8796,185,83.91452,0.204,3,23.75233129,24,Normal,0
Joe Nossek,R,72,1.8288,178,80.739376,0.228,3,24.14087251,24,Normal,0
Bobby Mitchell,L,70,1.778,170,77.11064,0.243,3,24.39219001,24,Normal,0
Enzo Hernandez,R,68,1.7272,155,70.30676,0.224,2,23.56740829,24,Normal,0
Tom Lawless,R,71,1.8034,170,77.11064,0.207,2,23.70992483,24,Normal,0
Barry Evans,R,73,1.8542,180,81.64656,0.251,2,23.7478741,24,Normal,0
Rudy Meoli,L,69,1.7526,165,74.84268,0.212,2,24.3659706,24,Normal,0
Al Downing,R,71,1.8034,175,79.3786,0.127,2,24.40727556,24,Normal,0
Angel Salazar,R,72,1.8288,180,81.64656,0.212,2,24.41211827,24,Normal,0
Mario Soto,R,72,1.8288,174,78.925008,0.132,1,23.59838099,24,Normal,0
Jerry Reuss,L,77,1.9558,200,90.7184,0.167,1,23.71627614,24,Normal,0
Ray Burris,R,77,1.9558,200,90.7184,0.151,1,23.71627614,24,Normal,0
Duane Kuiper,L,72,1.8288,175,79.3786,0.271,1,23.73400387,24,Normal,0
Bob Heise,R,72,1.8288,175,79.3786,0.247,1,23.73400387,24,Normal,0
Dick Ruthven,R,75,1.905,190,86.18248,0.183,1,23.74810865,24,Normal,0
Joe Strain,R,70,1.778,169,76.657048,0.25,1,24.24870654,24,Normal,0
Joe Niekro,R,73,1.8542,185,83.91452,0.156,1,24.40753727,24,Normal,0
Denny McLain,R,73,1.8542,185,83.91452,0.133,1,24.40753727,24,Normal,0
Bruce Miller,R,73,1.8542,185,83.91452,0.246,1,24.40753727,24,Normal,0
Fred Norman,B,68,1.7272,155,70.30676,0.125,0,23.56740829,24,Normal,0
Mike Smithson,L,80,2.032,215,97.52228,0,0,23.61872442,24,Normal,0
Brian Dubois,L,70,1.778,165,74.84268,0,0,23.67477266,24,Normal,0
Craig Robinson,R,70,1.778,165,74.84268,0.219,0,23.67477266,24,Normal,0
Tony Arnold,R,71,1.8034,170,77.11064,0,0,23.70992483,24,Normal,0
Bill Castro,R,71,1.8034,170,77.11064,0,0,23.70992483,24,Normal,0
Paul Wilmet,R,71,1.8034,170,77.11064,0,0,23.70992483,24,Normal,0
Paul Hartzell,R,77,1.9558,200,90.7184,0,0,23.71627614,24,Normal,0
Jeff Schattinger,L,77,1.9558,200,90.7184,0,0,23.71627614,24,Normal,0
Gary Christenson,L,77,1.9558,200,90.7184,0,0,23.71627614,24,Normal,0
Steve Brown,R,77,1.9558,200,90.7184,0,0,23.71627614,24,Normal,0
Jose Roman,R,72,1.8288,175,79.3786,0,0,23.73400387,24,Normal,0
Pat Underwood,L,72,1.8288,175,79.3786,0,0,23.73400387,24,Normal,0
Roy Branch,R,72,1.8288,175,79.3786,0,0,23.73400387,24,Normal,0
Bob Veselic,R,72,1.8288,175,79.3786,0,0,23.73400387,24,Normal,0
Bill Mooneyham,R,72,1.8288,175,79.3786,0,0,23.73400387,24,Normal,0
Bill Paschall,R,72,1.8288,175,79.3786,0,0,23.73400387,24,Normal,0
John Bohnet,B,72,1.8288,175,79.3786,0,0,23.73400387,24,Normal,0
John Flinn,R,72,1.8288,175,79.3786,0,0,23.73400387,24,Normal,0
Jack Billingham,R,76,1.9304,195,88.45044,0.111,0,23.73588231,24,Normal,0
Ron Romanick,R,76,1.9304,195,88.45044,0,0,23.73588231,24,Normal,0
Chris Batton,R,76,1.9304,195,88.45044,0,0,23.73588231,24,Normal,0
Gorman Heimueller,L,76,1.9304,195,88.45044,0,0,23.73588231,24,Normal,0
Mike Trujillo,R,73,1.8542,180,81.64656,0,0,23.7478741,24,Normal,0
Terry Taylor,R,73,1.8542,180,81.64656,0,0,23.7478741,24,Normal,0
Terry Felton,R,73,1.8542,180,81.64656,0,0,23.7478741,24,Normal,0
Joe Skalski,R,75,1.905,190,86.18248,0,0,23.74810865,24,Normal,0
Roger Weaver,R,75,1.905,190,86.18248,0,0,23.74810865,24,Normal,0
Jim Gideon,R,75,1.905,190,86.18248,0,0,23.74810865,24,Normal,0
Larry Anderson,R,75,1.905,190,86.18248,0,0,23.74810865,24,Normal,0
John Hobbs,R,75,1.905,190,86.18248,0,0,23.74810865,24,Normal,0
Roger Slagle,R,75,1.905,190,86.18248,0,0,23.74810865,24,Normal,0
Fred Howard,R,75,1.905,190,86.18248,0,0,23.74810865,24,Normal,0
Jim Lewis,R,75,1.905,190,86.18248,0,0,23.74810865,24,Normal,0
Steve Eddy,R,74,1.8796,185,83.91452,0,0,23.75233129,24,Normal,0
Ron Musselman,R,74,1.8796,185,83.91452,0,0,23.75233129,24,Normal,0
Rick Kreuger,R,74,1.8796,185,83.91452,0,0,23.75233129,24,Normal,0
Jeff Twitty,L,74,1.8796,185,83.91452,0,0,23.75233129,24,Normal,0
Stan Thomas,R,74,1.8796,185,83.91452,0,0,23.75233129,24,Normal,0
Alex Sanchez,R,74,1.8796,185,83.91452,0,0,23.75233129,24,Normal,0
Colby Ward,R,74,1.8796,185,83.91452,0,0,23.75233129,24,Normal,0
Shawn Holman,R,74,1.8796,185,83.91452,0,0,23.75233129,24,Normal,0
Bryan Oelkers,L,75,1.905,192,87.089664,0,0,23.99808874,24,Normal,0
Rich Yett,R,74,1.8796,187,84.821704,0,0,24.00911325,24,Normal,0
Mike Walters,R,77,1.9558,203,92.079176,0,0,24.07202028,24,Normal,0
Randy Jones,R,72,1.8288,178,80.739376,0.132,0,24.14087251,24,Normal,0
Bruce Taylor,R,72,1.8288,178,80.739376,0,0,24.14087251,24,Normal,0
Dave Johnson,R,73,1.8542,183,83.007336,0,0,24.14367201,24,Normal,0
Steve Ellsworth,R,80,2.032,220,99.79024,0,0,24.16799709,24,Normal,0
Steve Adkins,R,78,1.9812,210,95.25432,0,0,24.26766786,24,Normal,0
Andy Replogle,R,77,1.9558,205,92.98636,0,0,24.30918304,24,Normal,0
Vance Lovelace,L,77,1.9558,205,92.98636,0,0,24.30918304,24,Normal,0
Joel Davis,L,77,1.9558,205,92.98636,0,0,24.30918304,24,Normal,0
Jim Wright,R,77,1.9558,205,92.98636,0,0,24.30918304,24,Normal,0
Clay Christiansen,R,77,1.9558,205,92.98636,0,0,24.30918304,24,Normal,0
Jim Siwy,R,76,1.9304,200,90.7184,0,0,24.34449467,24,Normal,0
Steve Barr,L,76,1.9304,200,90.7184,0,0,24.34449467,24,Normal,0
Mark Clear,R,76,1.9304,200,90.7184,0,0,24.34449467,24,Normal,0
Jaime Cocanower,R,76,1.9304,200,90.7184,0,0,24.34449467,24,Normal,0
Larry Monroe,R,76,1.9304,200,90.7184,0,0,24.34449467,24,Normal,0
Rick Steirer,R,76,1.9304,200,90.7184,0,0,24.34449467,24,Normal,0
Angel Moreno,L,69,1.7526,165,74.84268,0,0,24.3659706,24,Normal,0
Jeff Byrd,R,75,1.905,195,88.45044,0,0,24.37305888,24,Normal,0
Jerry Garvin,L,75,1.905,195,88.45044,0,0,24.37305888,24,Normal,0
Jeff Schneider,B,75,1.905,195,88.45044,0,0,24.37305888,24,Normal,0
Jeff Shaver,R,75,1.905,195,88.45044,0,0,24.37305888,24,Normal,0
Bill Fulton,R,75,1.905,195,88.45044,0,0,24.37305888,24,Normal,0
Jim Burton,R,75,1.905,195,88.45044,0,0,24.37305888,24,Normal,0
Gary Lance,B,75,1.905,195,88.45044,0,0,24.37305888,24,Normal,0
Todd Fischer,R,70,1.778,170,77.11064,0,0,24.39219001,24,Normal,0
Mark Brown,B,74,1.8796,190,86.18248,0,0,24.39428619,24,Normal,0
Tom Klawitter,R,74,1.8796,190,86.18248,0,0,24.39428619,24,Normal,0
Mike Overy,R,74,1.8796,190,86.18248,0,0,24.39428619,24,Normal,0
Rickey Keeton,R,74,1.8796,190,86.18248,0,0,24.39428619,24,Normal,0
Dennis DeBarr,L,74,1.8796,190,86.18248,0,0,24.39428619,24,Normal,0
Rick Lysander,R,74,1.8796,190,86.18248,0,0,24.39428619,24,Normal,0
John Hoover,R,74,1.8796,190,86.18248,0,0,24.39428619,24,Normal,0
Tom Dozier,R,74,1.8796,190,86.18248,0,0,24.39428619,24,Normal,0
Len Whitehouse,L,71,1.8034,175,79.3786,0,0,24.40727556,24,Normal,0
Lafayette Currence,B,71,1.8034,175,79.3786,0,0,24.40727556,24,Normal,0
Craig Eaton,R,71,1.8034,175,79.3786,0,0,24.40727556,24,Normal,0
Jim Campbell,L,71,1.8034,175,79.3786,0,0,24.40727556,24,Normal,0
John LaRose,L,73,1.8542,185,83.91452,0,0,24.40753727,24,Normal,0
Gil Patterson,R,73,1.8542,185,83.91452,0,0,24.40753727,24,Normal,0
Randy Scarbery,B,73,1.8542,185,83.91452,0,0,24.40753727,24,Normal,0
Tom Gilles,R,73,1.8542,185,83.91452,0,0,24.40753727,24,Normal,0
Randy Wiles,L,73,1.8542,185,83.91452,0,0,24.40753727,24,Normal,0
Dave Stapleton,L,73,1.8542,185,83.91452,0,0,24.40753727,24,Normal,0
Mike Kinnunen,L,73,1.8542,185,83.91452,0,0,24.40753727,24,Normal,0
Don Sutton,R,73,1.8542,185,83.91452,0.144,0,24.40753727,24,Normal,0
Don Cooper,R,73,1.8542,185,83.91452,0,0,24.40753727,24,Normal,0
Dewey Robinson,R,72,1.8288,180,81.64656,0,0,24.41211827,24,Normal,0
Mark Souza,L,72,1.8288,180,81.64656,0,0,24.41211827,24,Normal,0
Mark Ciardi,R,72,1.8288,180,81.64656,0,0,24.41211827,24,Normal,0
Dennis Burtt,R,72,1.8288,180,81.64656,0,0,24.41211827,24,Normal,0
Bruce Ellingsen,L,72,1.8288,180,81.64656,0,0,24.41211827,24,Normal,0
Tom McCarthy,R,72,1.8288,180,81.64656,0,0,24.41211827,24,Normal,0
Bob Veale,B,78,1.9812,212,96.161504,0.114,0,24.49878851,24,Normal,0
Mike Schmidt,R,74,1.8796,195,88.45044,0.267,548,25.03624109,25,Overweight,45.26804124
Don Baylor,R,73,1.8542,190,86.18248,0.26,338,25.06720044,25,Overweight,0
Bobby Bonds,R,73,1.8542,190,86.18248,0.268,332,25.06720044,25,Overweight,0
Joe Morgan,L,67,1.7018,160,72.57472,0.271,268,25.05926509,25,Overweight,0
Andre Thornton,R,75,1.905,200,90.7184,0.254,253,24.99800911,25,Normal,0
Tony Armas,R,71,1.8034,182,82.553744,0.252,251,25.38356658,25,Overweight,0
Rico Carty,R,75,1.905,200,90.7184,0.299,204,24.99800911,25,Normal,0
Bill Freehan,R,75,1.905,203,92.079176,0.262,200,25.37297924,25,Overweight,0
Dick McAuliffe,L,71,1.8034,176,79.832192,0.247,197,24.5467457,25,Normal,0
Hal McRae,R,71,1.8034,180,81.64656,0.29,191,25.10462629,25,Overweight,0
Bill Buckner,L,72,1.8288,185,83.91452,0.289,174,25.09023267,25,Overweight,0
Larry Hisle,R,74,1.8796,193,87.543256,0.273,166,24.77945913,25,Normal,0
Bill Madlock,R,71,1.8034,180,81.64656,0.305,163,25.10462629,25,Overweight,0
Donn Clendenon,R,76,1.9304,209,94.800728,0.274,159,25.43999693,25,Overweight,0
Davey Lopes,R,69,1.7526,170,77.11064,0.263,155,25.10433334,25,Overweight,0
Jim Fregosi,R,73,1.8542,190,86.18248,0.265,151,25.06720044,25,Overweight,0
Jim Spencer,L,74,1.8796,195,88.45044,0.25,146,25.03624109,25,Overweight,0
Johnny Briggs,L,73,1.8542,190,86.18248,0.253,139,25.06720044,25,Overweight,0
John Milner,L,72,1.8288,185,83.91452,0.249,131,25.09023267,25,Overweight,0
Gary Ward,R,74,1.8796,195,88.45044,0.276,130,25.03624109,25,Overweight,0
Ellis Valentine,R,76,1.9304,205,92.98636,0.278,123,24.95310704,25,Normal,0
Willie Upshaw,L,72,1.8288,185,83.91452,0.262,123,25.09023267,25,Overweight,0
Nick Esasky,R,75,1.905,200,90.7184,0.25,122,24.99800911,25,Normal,0
Don Lock,R,74,1.8796,195,88.45044,0.238,122,25.03624109,25,Overweight,0
Curt Blefary,L,74,1.8796,195,88.45044,0.237,112,25.03624109,25,Overweight,0
Phil Garner,R,70,1.778,175,79.3786,0.26,109,25.10960736,25,Overweight,0
Fred Whitfield,L,73,1.8542,190,86.18248,0.253,108,25.06720044,25,Overweight,0
Lee Thomas,L,74,1.8796,195,88.45044,0.255,106,25.03624109,25,Overweight,0
Bob Boone,R,74,1.8796,195,88.45044,0.254,105,25.03624109,25,Overweight,0
Tony Gonzalez,L,69,1.7526,170,77.11064,0.286,103,25.10433334,25,Overweight,0
Lou Piniella,R,72,1.8288,182,82.553744,0.291,102,24.68336403,25,Normal,0
Denis Menke,R,72,1.8288,185,83.91452,0.25,101,25.09023267,25,Overweight,0
Duke Sims,L,74,1.8796,197,89.357624,0.239,100,25.29302305,25,Overweight,0
Butch Hobson,R,73,1.8542,193,87.543256,0.248,98,25.46299835,25,Overweight,0
Don Buford,B,67,1.7018,160,72.57472,0.264,93,25.05926509,25,Overweight,0
Cleon Jones,R,72,1.8288,185,83.91452,0.281,93,25.09023267,25,Overweight,0
Dan Meyer,L,71,1.8034,180,81.64656,0.253,86,25.10462629,25,Overweight,0
Roy Howell,L,73,1.8542,190,86.18248,0.261,80,25.06720044,25,Overweight,0
Bob Tillman,R,76,1.9304,205,92.98636,0.232,79,24.95310704,25,Normal,0
Leon Roberts,R,75,1.905,200,90.7184,0.267,78,24.99800911,25,Normal,0
Phil Bradley,R,72,1.8288,185,83.91452,0.286,78,25.09023267,25,Overweight,0
George Mitterwald,R,74,1.8796,195,88.45044,0.236,76,25.03624109,25,Overweight,0
Tommy McCraw,L,72,1.8288,183,83.007336,0.246,75,24.81898691,25,Normal,0
Ron Swoboda,R,74,1.8796,195,88.45044,0.242,73,25.03624109,25,Overweight,0
Mike Young,B,74,1.8796,195,88.45044,0.247,72,25.03624109,25,Overweight,0
Butch Wynegar,B,73,1.8542,190,86.18248,0.255,65,25.06720044,25,Overweight,0
Bill Sudakis,B,73,1.8542,190,86.18248,0.234,59,25.06720044,25,Overweight,0
Gary Alexander,R,74,1.8796,195,88.45044,0.23,55,25.03624109,25,Overweight,0
Mike Hegan,L,73,1.8542,188,85.275296,0.242,53,24.80333518,25,Normal,0
Andy Etchebarren,R,73,1.8542,190,86.18248,0.235,49,25.06720044,25,Overweight,0
Willie Smith,L,72,1.8288,182,82.553744,0.248,46,24.68336403,25,Normal,0
John Stearns,R,72,1.8288,185,83.91452,0.26,46,25.09023267,25,Overweight,0
Sam Bowens,R,73,1.8542,188,85.275296,0.223,45,24.80333518,25,Normal,0
Roy Foster,R,72,1.8288,185,83.91452,0.253,45,25.09023267,25,Overweight,0
Bob Johnson,R,70,1.778,175,79.3786,0.272,44,25.10960736,25,Overweight,0
George Wright,B,71,1.8034,180,81.64656,0.245,42,25.10462629,25,Overweight,0
Freddie Patek,R,65,1.651,148,67.131616,0.242,41,24.62821607,25,Normal,0
Bucky Dent,R,69,1.7526,170,77.11064,0.247,40,25.10433334,25,Overweight,0
Frank Fernandez,R,72,1.8288,185,83.91452,0.199,39,25.09023267,25,Overweight,0
Ed Spiezio,R,71,1.8034,180,81.64656,0.238,39,25.10462629,25,Overweight,0
Ron Hunt,R,72,1.8288,186,84.368112,0.273,39,25.22585554,25,Overweight,0
Chris Brown,R,72,1.8288,185,83.91452,0.269,38,25.09023267,25,Overweight,0
Pedro Garcia,R,70,1.778,175,79.3786,0.22,37,25.10960736,25,Overweight,0
Charlie Moore,R,71,1.8034,180,81.64656,0.261,36,25.10462629,25,Overweight,0
Bump Wills,B,69,1.7526,172,78.017824,0.266,36,25.39967844,25,Overweight,0
Rusty Torres,B,70,1.778,175,79.3786,0.212,35,25.10960736,25,Overweight,0
Jim Essian,R,74,1.8796,195,88.45044,0.244,33,25.03624109,25,Overweight,0
Ivan Murrell,R,74,1.8796,195,88.45044,0.236,33,25.03624109,25,Overweight,0
Bob Stinson,B,71,1.8034,180,81.64656,0.25,33,25.10462629,25,Overweight,0
Al Luplow,L,70,1.778,175,79.3786,0.235,33,25.10960736,25,Overweight,0
John Kennedy,R,72,1.8288,185,83.91452,0.225,32,25.09023267,25,Overweight,0
Mike Diaz,R,74,1.8796,195,88.45044,0.247,31,25.03624109,25,Overweight,0
Bobby Wine,R,73,1.8542,187,84.821704,0.215,30,24.67140254,25,Normal,0
Duffy Dyer,R,72,1.8288,187,84.821704,0.221,30,25.36147842,25,Overweight,0
Horace Clarke,B,69,1.7526,170,77.11064,0.256,27,25.10433334,25,Overweight,0
Mike Tyson,R,69,1.7526,170,77.11064,0.241,27,25.10433334,25,Overweight,0
Mike Hershberger,R,70,1.778,175,79.3786,0.252,26,25.10960736,25,Overweight,0
Curt Motton,R,68,1.7272,164,74.389088,0.213,25,24.93583845,25,Normal,0
Duane Walker,L,72,1.8288,185,83.91452,0.229,24,25.09023267,25,Overweight,0
Steve Ontiveros,B,72,1.8288,185,83.91452,0.274,24,25.09023267,25,Overweight,0
Gary Sutherland,R,72,1.8288,185,83.91452,0.243,24,25.09023267,25,Overweight,0
Bob Chance,L,74,1.8796,196,88.904032,0.261,24,25.16463207,25,Overweight,0
Gary Gray,R,72,1.8288,187,84.821704,0.24,24,25.36147842,25,Overweight,0
Mike Brown,R,74,1.8796,195,88.45044,0.265,23,25.03624109,25,Overweight,0
Johnny Lewis,L,73,1.8542,189,85.728888,0.227,22,24.93526781,25,Normal,0
Glenn Beckert,R,73,1.8542,190,86.18248,0.283,22,25.06720044,25,Overweight,0
Tom Hutton,L,71,1.8034,180,81.64656,0.248,22,25.10462629,25,Overweight,0
Joe Gaines,R,73,1.8542,190,86.18248,0.241,21,25.06720044,25,Overweight,0
Biff Pocoroba,B,70,1.778,175,79.3786,0.257,21,25.10960736,25,Overweight,0
Bob Jones,L,74,1.8796,195,88.45044,0.221,20,25.03624109,25,Overweight,0
Larvell Blanks,R,68,1.7272,167,75.749864,0.253,20,25.39198184,25,Overweight,0
Rick Renick,R,72,1.8288,188,85.275296,0.221,20,25.4971013,25,Overweight,0
Cap Peterson,R,74,1.8796,195,88.45044,0.23,19,25.03624109,25,Overweight,0
Willie Norwood,R,72,1.8288,185,83.91452,0.242,18,25.09023267,25,Overweight,0
Elliott Maddox,R,71,1.8034,180,81.64656,0.261,18,25.10462629,25,Overweight,0
Doug Ault,R,75,1.905,200,90.7184,0.236,17,24.99800911,25,Normal,0
Ray Webster,L,72,1.8288,185,83.91452,0.244,17,25.09023267,25,Overweight,0
Ned Yost,R,73,1.8542,190,86.18248,0.212,16,25.06720044,25,Overweight,0
Terry Francona,L,73,1.8542,190,86.18248,0.274,16,25.06720044,25,Overweight,0
Joe Wallis,B,71,1.8034,180,81.64656,0.244,16,25.10462629,25,Overweight,0
Wayne Comer,R,70,1.778,175,79.3786,0.229,16,25.10960736,25,Overweight,0
Jim Nettles,L,72,1.8288,186,84.368112,0.22,16,25.22585554,25,Overweight,0
Danny Thompson,R,72,1.8288,183,83.007336,0.248,15,24.81898691,25,Normal,0
Dave Chalk,R,70,1.778,175,79.3786,0.252,15,25.10960736,25,Overweight,0
John Hale,L,74,1.8796,195,88.45044,0.201,14,25.03624109,25,Overweight,0
Bob Uecker,R,73,1.8542,190,86.18248,0.2,14,25.06720044,25,Overweight,0
Bill Plummer,R,73,1.8542,190,86.18248,0.188,14,25.06720044,25,Overweight,0
Ken Retzer,L,72,1.8288,185,83.91452,0.264,14,25.09023267,25,Overweight,0
Ed Stroud,L,71,1.8034,180,81.64656,0.237,14,25.10462629,25,Overweight,0
Bubba Morton,R,70,1.778,175,79.3786,0.267,14,25.10960736,25,Overweight,0
Rick Joseph,R,73,1.8542,192,87.089664,0.243,13,25.33106571,25,Overweight,0
Larry Haney,R,74,1.8796,195,88.45044,0.215,12,25.03624109,25,Overweight,0
Ron Pruitt,R,72,1.8288,185,83.91452,0.269,12,25.09023267,25,Overweight,0
Kiko Garcia,R,71,1.8034,180,81.64656,0.239,12,25.10462629,25,Overweight,0
John Stephenson,L,71,1.8034,180,81.64656,0.216,12,25.10462629,25,Overweight,0
Howie Goss,R,76,1.9304,204,92.532768,0.216,11,24.83138457,25,Normal,0
Jimmie Schaffer,R,69,1.7526,170,77.11064,0.223,11,25.10433334,25,Overweight,0
Tom Poquette,L,70,1.778,175,79.3786,0.268,10,25.10960736,25,Overweight,0
Joe Keough,L,72,1.8288,185,83.91452,0.246,9,25.09023267,25,Overweight,0
Bobby Cox,R,71,1.8034,180,81.64656,0.225,9,25.10462629,25,Overweight,0
Juan Bonilla,R,69,1.7526,170,77.11064,0.256,7,25.10433334,25,Overweight,0
Jim Norris,L,70,1.778,175,79.3786,0.264,7,25.10960736,25,Overweight,0
John Vukovich,R,73,1.8542,187,84.821704,0.161,6,24.67140254,25,Normal,0
Gaylord Perry,R,76,1.9304,205,92.98636,0.131,6,24.95310704,25,Normal,0
Gene Clines,R,69,1.7526,170,77.11064,0.277,5,25.10433334,25,Overweight,0
Steve Jeltz,B,71,1.8034,180,81.64656,0.21,5,25.10462629,25,Overweight,0
Ray Sadecki,L,71,1.8034,180,81.64656,0.191,5,25.10462629,25,Overweight,0
Ron Clark,R,70,1.778,175,79.3786,0.189,5,25.10960736,25,Overweight,0
Tom Nieto,R,73,1.8542,193,87.543256,0.205,5,25.46299835,25,Overweight,0
Joe Lovitto,B,72,1.8288,185,83.91452,0.216,4,25.09023267,25,Overweight,0
Juan Marichal,R,72,1.8288,185,83.91452,0.165,4,25.09023267,25,Overweight,0
Rob Andrews,R,72,1.8288,185,83.91452,0.251,3,25.09023267,25,Overweight,0
Woodie Fryman,R,75,1.905,197,89.357624,0.138,2,24.62303897,25,Normal,0
Ron Theobald,R,68,1.7272,165,74.84268,0.248,2,25.08788625,25,Overweight,0
Fritz Peterson,B,72,1.8288,185,83.91452,0.159,2,25.09023267,25,Overweight,0
Mike Champion,R,72,1.8288,185,83.91452,0.229,2,25.09023267,25,Overweight,0
Rick Peters,B,69,1.7526,170,77.11064,0.277,2,25.10433334,25,Overweight,0
Darrell Brown,B,72,1.8288,184,83.460928,0.274,1,24.95460979,25,Normal,0
Don Wilson,R,74,1.8796,195,88.45044,0.146,1,25.03624109,25,Overweight,0
Gary Nolan,R,74,1.8796,197,89.357624,0.138,1,25.29302305,25,Overweight,0
Ed Hodge,L,74,1.8796,192,87.089664,0,0,24.65106815,25,Normal,0
Tony Chevez,R,71,1.8034,177,80.285784,0,0,24.68621585,25,Normal,0
Al Lachowicz,R,75,1.905,198,89.811216,0,0,24.74802902,25,Normal,0
Nardi Contreras,B,74,1.8796,193,87.543256,0,0,24.77945913,25,Normal,0
Jerry Augustine,L,72,1.8288,183,83.007336,0,0,24.81898691,25,Normal,0
Mike Jones,L,78,1.9812,215,97.52228,0,0,24.84546948,25,Normal,0
Ron Reed,R,78,1.9812,215,97.52228,0.158,0,24.84546948,25,Normal,0
Sam Hinds,R,78,1.9812,215,97.52228,0,0,24.84546948,25,Normal,0
Barry Cort,R,77,1.9558,210,95.25432,0,0,24.90208995,25,Normal,0
Bob Babcock,R,77,1.9558,210,95.25432,0,0,24.90208995,25,Normal,0
John Poloni,L,77,1.9558,210,95.25432,0,0,24.90208995,25,Normal,0
Jeff Holly,L,77,1.9558,210,95.25432,0,0,24.90208995,25,Normal,0
Brian Denman,R,76,1.9304,205,92.98636,0,0,24.95310704,25,Normal,0
Gary Beare,R,76,1.9304,205,92.98636,0,0,24.95310704,25,Normal,0
Sherman Corbett,L,76,1.9304,205,92.98636,0,0,24.95310704,25,Normal,0
Mike Rochford,L,76,1.9304,205,92.98636,0,0,24.95310704,25,Normal,0
Don Welchel,R,76,1.9304,205,92.98636,0,0,24.95310704,25,Normal,0
Jeff Rineer,L,76,1.9304,205,92.98636,0,0,24.95310704,25,Normal,0
Bob Fallon,L,75,1.905,200,90.7184,0,0,24.99800911,25,Normal,0
Dean Chance,R,75,1.905,200,90.7184,0.066,0,24.99800911,25,Normal,0
Roger Miller,R,75,1.905,200,90.7184,0,0,24.99800911,25,Normal,0
Tom Buskey,R,75,1.905,200,90.7184,0,0,24.99800911,25,Normal,0
Ozzie Osborn,R,74,1.8796,195,88.45044,0,0,25.03624109,25,Overweight,0
Kevin Bearse,L,74,1.8796,195,88.45044,0,0,25.03624109,25,Overweight,0
Reggie Ritter,L,74,1.8796,195,88.45044,0,0,25.03624109,25,Overweight,0
Jeff Peterek,R,74,1.8796,195,88.45044,0,0,25.03624109,25,Overweight,0
Pete Filson,B,74,1.8796,195,88.45044,0,0,25.03624109,25,Overweight,0
Mike Brown,R,74,1.8796,195,88.45044,0,0,25.03624109,25,Overweight,0
Mike Pazik,L,74,1.8796,195,88.45044,0,0,25.03624109,25,Overweight,0
Bryan Kelly,R,74,1.8796,195,88.45044,0,0,25.03624109,25,Overweight,0
Eric Wilkins,R,73,1.8542,190,86.18248,0,0,25.06720044,25,Overweight,0
Bruce Robbins,L,73,1.8542,190,86.18248,0,0,25.06720044,25,Overweight,0
Bert Bradley,B,73,1.8542,190,86.18248,0,0,25.06720044,25,Overweight,0
Greg Erardi,R,73,1.8542,190,86.18248,0,0,25.06720044,25,Overweight,0
Mark Esser,R,73,1.8542,190,86.18248,0,0,25.06720044,25,Overweight,0
Dave Smith,R,73,1.8542,190,86.18248,0,0,25.06720044,25,Overweight,0
Craig Chamberlain,R,73,1.8542,190,86.18248,0,0,25.06720044,25,Overweight,0
Steve Curry,R,78,1.9812,217,98.429464,0,0,25.07659013,25,Overweight,0
Joel McKeon,L,72,1.8288,185,83.91452,0,0,25.09023267,25,Overweight,0
Luis Aponte,R,72,1.8288,185,83.91452,0,0,25.09023267,25,Overweight,0
Bob Davidson,R,72,1.8288,185,83.91452,0,0,25.09023267,25,Overweight,0
Rich Wortham,R,72,1.8288,185,83.91452,0,0,25.09023267,25,Overweight,0
Israel Sanchez,L,69,1.7526,170,77.11064,0,0,25.10433334,25,Overweight,0
Leon Hooten,R,71,1.8034,180,81.64656,0,0,25.10462629,25,Overweight,0
Jose Cecena,R,71,1.8034,180,81.64656,0,0,25.10462629,25,Overweight,0
Carlos Velazquez,R,71,1.8034,180,81.64656,0,0,25.10462629,25,Overweight,0
Glen Cook,R,71,1.8034,180,81.64656,0,0,25.10462629,25,Overweight,0
De Wayne Vaughn,R,71,1.8034,180,81.64656,0,0,25.10462629,25,Overweight,0
Barry Raziano,B,70,1.778,175,79.3786,0,0,25.10960736,25,Overweight,0
Butch Edge,R,75,1.905,203,92.079176,0,0,25.37297924,25,Overweight,0
Greg Thayer,R,71,1.8034,182,82.553744,0,0,25.38356658,25,Overweight,0
Tony Mack,R,70,1.778,177,80.285784,0,0,25.3965743,25,Overweight,0
Les Straker,R,73,1.8542,193,87.543256,0,0,25.46299835,25,Overweight,0
Britt Burns,L,77,1.9558,215,97.52228,0,0,25.49499685,25,Overweight,0
Reggie Jackson,L,72,1.8288,195,88.45044,0.262,563,26.44646146,26,Overweight,56.27753304
Darrell Evans,L,74,1.8796,200,90.7184,0.248,414,25.67819599,26,Overweight,0
Johnny Bench,R,73,1.8542,197,89.357624,0.267,389,25.99072888,26,Overweight,0
Jim Rice,R,74,1.8796,200,90.7184,0.298,382,25.67819599,26,Overweight,0
Dick Allen,R,71,1.8034,187,84.821704,0.292,351,26.08091731,26,Overweight,0
Ron Santo,R,72,1.8288,190,86.18248,0.277,342,25.76834706,26,Overweight,0
George Scott,R,74,1.8796,200,90.7184,0.268,271,25.67819599,26,Overweight,0
Ken Singleton,B,76,1.9304,210,95.25432,0.282,246,25.56171941,26,Overweight,0
Deron Johnson,R,74,1.8796,200,90.7184,0.244,245,25.67819599,26,Overweight,0
Sal Bando,R,72,1.8288,195,88.45044,0.254,242,26.44646146,26,Overweight,0
Jeff Burroughs,R,73,1.8542,200,90.7184,0.261,240,26.38652678,26,Overweight,0
Al Oliver,L,72,1.8288,195,88.45044,0.303,219,26.44646146,26,Overweight,0
Bob Horner,R,73,1.8542,195,88.45044,0.277,218,25.72686361,26,Overweight,0
Chet Lemon,R,72,1.8288,190,86.18248,0.273,215,25.76834706,26,Overweight,0
Richie Zisk,R,73,1.8542,200,90.7184,0.287,207,26.38652678,26,Overweight,0
Richie Hebner,L,73,1.8542,195,88.45044,0.276,203,25.72686361,26,Overweight,0
Gene Tenace,R,72,1.8288,190,86.18248,0.241,201,25.76834706,26,Overweight,0
Don Mincher,L,75,1.905,205,92.98636,0.249,200,25.62295933,26,Overweight,0
Cliff Johnson,R,76,1.9304,215,97.52228,0.258,196,26.17033177,26,Overweight,0
Darrell Porter,L,72,1.8288,193,87.543256,0.247,188,26.1752157,26,Overweight,0
Chris Chambliss,L,73,1.8542,195,88.45044,0.279,185,25.72686361,26,Overweight,0
Joe Rudi,R,74,1.8796,200,90.7184,0.264,179,25.67819599,26,Overweight,0
Jim Ray Hart,R,71,1.8034,185,83.91452,0.278,170,25.80197702,26,Overweight,0
Claudell Washington,L,72,1.8288,190,86.18248,0.278,164,25.76834706,26,Overweight,0
Bill Melton,R,74,1.8796,200,90.7184,0.253,160,25.67819599,26,Overweight,0
Dan Driessen,L,71,1.8034,187,84.821704,0.267,153,26.08091731,26,Overweight,0
Jeffrey Leonard,R,74,1.8796,200,90.7184,0.266,144,25.67819599,26,Overweight,0
Steve Kemp,L,72,1.8288,195,88.45044,0.278,130,26.44646146,26,Overweight,0
Aurelio Rodriguez,R,70,1.778,180,81.64656,0.237,124,25.82702472,26,Overweight,0
Joe Ferguson,R,74,1.8796,200,90.7184,0.24,122,25.67819599,26,Overweight,0
Gary Roenicke,R,75,1.905,205,92.98636,0.247,121,25.62295933,26,Overweight,0
Keith Moreland,R,72,1.8288,190,86.18248,0.279,121,25.76834706,26,Overweight,0
Ed Kranepool,L,75,1.905,205,92.98636,0.261,118,25.62295933,26,Overweight,0
Mike Easler,L,72,1.8288,190,86.18248,0.293,118,25.76834706,26,Overweight,0
Rick Reichardt,R,75,1.905,210,95.25432,0.261,116,26.24790956,26,Overweight,0
Bob Robertson,R,73,1.8542,195,88.45044,0.242,115,25.72686361,26,Overweight,0
Greg Walker,L,75,1.905,205,92.98636,0.26,113,25.62295933,26,Overweight,0
Thurman Munson,R,71,1.8034,190,86.18248,0.292,113,26.49932775,26,Overweight,0
Max Alvis,R,71,1.8034,185,83.91452,0.247,111,25.80197702,26,Overweight,0
Al Cowens,R,73,1.8542,197,89.357624,0.27,108,25.99072888,26,Overweight,0
Steve Yeager,R,72,1.8288,190,86.18248,0.228,102,25.76834706,26,Overweight,0
Eric Soderholm,R,71,1.8034,187,84.821704,0.264,102,26.08091731,26,Overweight,0
Jim Sundberg,R,72,1.8288,190,86.18248,0.248,95,25.76834706,26,Overweight,0
Mike Jorgensen,L,72,1.8288,195,88.45044,0.243,95,26.44646146,26,Overweight,0
Bob Oliver,R,75,1.905,205,92.98636,0.256,94,25.62295933,26,Overweight,0
Bo Diaz,R,71,1.8034,185,83.91452,0.255,87,25.80197702,26,Overweight,0
John Wockenfuss,R,72,1.8288,190,86.18248,0.262,86,25.76834706,26,Overweight,0
Willie Crawford,L,73,1.8542,197,89.357624,0.268,86,25.99072888,26,Overweight,0
Tom Paciorek,R,76,1.9304,215,97.52228,0.282,86,26.17033177,26,Overweight,0
Jerry Martin,R,73,1.8542,195,88.45044,0.251,85,25.72686361,26,Overweight,0
Mike Ivie,R,75,1.905,205,92.98636,0.269,81,25.62295933,26,Overweight,0
John Bateman,R,75,1.905,210,95.25432,0.23,81,26.24790956,26,Overweight,0
Ed Herrmann,L,73,1.8542,195,88.45044,0.24,80,25.72686361,26,Overweight,0
Dick Green,R,70,1.778,180,81.64656,0.24,80,25.82702472,26,Overweight,0
Mike Hargrove,L,72,1.8288,195,88.45044,0.29,80,26.44646146,26,Overweight,0
Leroy Stanton,R,73,1.8542,195,88.45044,0.244,77,25.72686361,26,Overweight,0
Milt May,L,72,1.8288,190,86.18248,0.263,77,25.76834706,26,Overweight,0
Tim Laudner,R,75,1.905,212,96.161504,0.225,77,26.49788965,26,Overweight,0
Tony Horton,R,75,1.905,210,95.25432,0.268,76,26.24790956,26,Overweight,0
Ralph Garr,L,71,1.8034,185,83.91452,0.306,75,25.80197702,26,Overweight,0
Andy Kosco,R,75,1.905,205,92.98636,0.236,73,25.62295933,26,Overweight,0
Mitchell Page,L,74,1.8796,205,92.98636,0.266,72,26.32015089,26,Overweight,0
Floyd Robinson,L,69,1.7526,175,79.3786,0.283,67,25.84269609,26,Overweight,0
Dick Dietz,R,73,1.8542,195,88.45044,0.261,66,25.72686361,26,Overweight,0
Joe Lahoud,L,73,1.8542,198,89.811216,0.223,65,26.12266152,26,Overweight,0
Manny Sanguillen,R,72,1.8288,193,87.543256,0.296,65,26.1752157,26,Overweight,0
Dave Revering,L,76,1.9304,210,95.25432,0.265,62,25.56171941,26,Overweight,0
Bill Schroeder,R,74,1.8796,200,90.7184,0.24,61,25.67819599,26,Overweight,0
Barry Foote,R,75,1.905,205,92.98636,0.23,57,25.62295933,26,Overweight,0
Clay Dalrymple,L,72,1.8288,190,86.18248,0.233,55,25.76834706,26,Overweight,0
Al Bumbry,L,68,1.7272,170,77.11064,0.281,54,25.84812523,26,Overweight,0
Champ Summers,L,74,1.8796,205,92.98636,0.255,54,26.32015089,26,Overweight,0
Ron Blomberg,L,73,1.8542,195,88.45044,0.293,52,25.72686361,26,Overweight,0
Steve Braun,L,70,1.778,180,81.64656,0.271,52,25.82702472,26,Overweight,0
Al Ferrara,R,73,1.8542,200,90.7184,0.259,51,26.38652678,26,Overweight,0
Joe Azcue,R,72,1.8288,190,86.18248,0.252,50,25.76834706,26,Overweight,0
Bill Sample,R,69,1.7526,175,79.3786,0.272,46,25.84269609,26,Overweight,0
Craig Kusick,R,75,1.905,210,95.25432,0.235,46,26.24790956,26,Overweight,0
Walt Bond,L,79,2.0066,228,103.418976,0.256,41,25.68494366,26,Overweight,0
Joe Hague,L,72,1.8288,195,88.45044,0.239,40,26.44646146,26,Overweight,0
Wayne Nordhagen,R,74,1.8796,205,92.98636,0.282,39,26.32015089,26,Overweight,0
Mickey Hatcher,R,74,1.8796,200,90.7184,0.28,38,25.67819599,26,Overweight,0
Luis Aguayo,R,69,1.7526,173,78.471416,0.236,37,25.54735099,26,Overweight,0
Len Gabrielson,L,76,1.9304,210,95.25432,0.253,37,25.56171941,26,Overweight,0
Dave Hostetler,R,76,1.9304,215,97.52228,0.229,37,26.17033177,26,Overweight,0
R.J. Reynolds,B,72,1.8288,190,86.18248,0.267,35,25.76834706,26,Overweight,0
Marc Hill,R,75,1.905,205,92.98636,0.223,34,25.62295933,26,Overweight,0
Terry Whitfield,L,73,1.8542,197,89.357624,0.281,33,25.99072888,26,Overweight,0
Mickey Brantley,R,70,1.778,180,81.64656,0.259,32,25.82702472,26,Overweight,0
Dave Engle,R,75,1.905,210,95.25432,0.262,31,26.24790956,26,Overweight,0
Steve Brye,R,72,1.8288,190,86.18248,0.258,30,25.76834706,26,Overweight,0
Jim Gosger,L,71,1.8034,185,83.91452,0.226,30,25.80197702,26,Overweight,0
Charlie James,R,73,1.8542,195,88.45044,0.255,29,25.72686361,26,Overweight,0
Larry Biittner,L,74,1.8796,205,92.98636,0.273,29,26.32015089,26,Overweight,0
Joe Charboneau,R,74,1.8796,205,92.98636,0.266,29,26.32015089,26,Overweight,0
Mike Anderson,R,74,1.8796,200,90.7184,0.246,28,25.67819599,26,Overweight,0
Mike Ryan,R,74,1.8796,205,92.98636,0.193,28,26.32015089,26,Overweight,0
Danny Walton,R,72,1.8288,195,88.45044,0.223,28,26.44646146,26,Overweight,0
Pete LaCock,L,74,1.8796,200,90.7184,0.257,27,25.67819599,26,Overweight,0
Bob Kearney,R,72,1.8288,190,86.18248,0.233,27,25.76834706,26,Overweight,0
Jim Traber,L,72,1.8288,194,87.996848,0.227,27,26.31083858,26,Overweight,0
Chris Bando,B,72,1.8288,195,88.45044,0.227,27,26.44646146,26,Overweight,0
Bob Coluccio,R,71,1.8034,183,83.007336,0.22,26,25.52303672,26,Overweight,0
Bruce Bochy,R,75,1.905,205,92.98636,0.239,26,25.62295933,26,Overweight,0
John Boccabella,R,73,1.8542,195,88.45044,0.219,26,25.72686361,26,Overweight,0
Jesse Gonder,L,70,1.778,180,81.64656,0.251,26,25.82702472,26,Overweight,0
Jose Morales,R,71,1.8034,187,84.821704,0.287,26,26.08091731,26,Overweight,0
Bill Nahorodny,R,74,1.8796,200,90.7184,0.241,25,25.67819599,26,Overweight,0
Jerry Moses,R,75,1.905,210,95.25432,0.251,25,26.24790956,26,Overweight,0
Ken Gerhart,R,72,1.8288,190,86.18248,0.221,24,25.76834706,26,Overweight,0
Hal King,L,73,1.8542,200,90.7184,0.214,24,26.38652678,26,Overweight,0
Bob Montgomery,R,73,1.8542,195,88.45044,0.258,23,25.72686361,26,Overweight,0
Duane Josephson,R,72,1.8288,190,86.18248,0.258,23,25.76834706,26,Overweight,0
Angel Mangual,R,70,1.778,178,80.739376,0.245,22,25.54005777,26,Overweight,0
Roger Freed,R,72,1.8288,190,86.18248,0.245,22,25.76834706,26,Overweight,0
Jerry Buchek,R,71,1.8034,185,83.91452,0.22,22,25.80197702,26,Overweight,0
Jerry Narron,L,75,1.905,205,92.98636,0.211,21,25.62295933,26,Overweight,0
Hal Breeden,R,74,1.8796,200,90.7184,0.243,21,25.67819599,26,Overweight,0
Dick Nen,L,74,1.8796,200,90.7184,0.224,21,25.67819599,26,Overweight,0
Dave McKay,B,73,1.8542,195,88.45044,0.229,21,25.72686361,26,Overweight,0
John Wathan,R,74,1.8796,205,92.98636,0.262,21,26.32015089,26,Overweight,0
Ike Brown,R,72,1.8288,190,86.18248,0.256,20,25.76834706,26,Overweight,0
Billy North,B,71,1.8034,185,83.91452,0.261,20,25.80197702,26,Overweight,0
Rich McKinney,R,71,1.8034,185,83.91452,0.225,20,25.80197702,26,Overweight,0
Fran Healy,R,77,1.9558,220,99.79024,0.25,20,26.08790375,26,Overweight,0
Steve Swisher,R,74,1.8796,205,92.98636,0.216,20,26.32015089,26,Overweight,0
Bobby Clark,R,72,1.8288,190,86.18248,0.239,19,25.76834706,26,Overweight,0
Gary Allenson,R,71,1.8034,185,83.91452,0.221,19,25.80197702,26,Overweight,0
Chris Cannizzaro,R,72,1.8288,190,86.18248,0.235,18,25.76834706,26,Overweight,0
Jim Price,R,72,1.8288,192,87.089664,0.214,18,26.03959282,26,Overweight,0
Rick Bosetti,R,71,1.8034,185,83.91452,0.25,17,25.80197702,26,Overweight,0
Bob Brower,R,71,1.8034,185,83.91452,0.242,17,25.80197702,26,Overweight,0
Ted Ford,R,70,1.778,180,81.64656,0.219,17,25.82702472,26,Overweight,0
Glenn Borgmann,R,76,1.9304,210,95.25432,0.229,16,25.56171941,26,Overweight,0
Dick Billings,R,73,1.8542,195,88.45044,0.227,16,25.72686361,26,Overweight,0
Ellie Rodriguez,R,71,1.8034,185,83.91452,0.245,16,25.80197702,26,Overweight,0
Denny Doyle,L,69,1.7526,175,79.3786,0.25,16,25.84269609,26,Overweight,0
Bob Molinaro,L,72,1.8288,190,86.18248,0.264,14,25.76834706,26,Overweight,0
Johnny Oates,L,71,1.8034,188,85.275296,0.25,14,26.22038745,26,Overweight,0
Steve Carlton,L,76,1.9304,210,95.25432,0.201,13,25.56171941,26,Overweight,0
Danny Goodwin,L,73,1.8542,195,88.45044,0.236,13,25.72686361,26,Overweight,0
Roberto Pena,R,68,1.7272,170,77.11064,0.245,13,25.84812523,26,Overweight,0
Kevin Bell,R,72,1.8288,195,88.45044,0.222,13,26.44646146,26,Overweight,0
Larry Cox,R,70,1.778,178,80.739376,0.221,12,25.54005777,26,Overweight,0
Tom Seaver,R,73,1.8542,195,88.45044,0.154,12,25.72686361,26,Overweight,0
Alan Knicely,R,72,1.8288,190,86.18248,0.213,12,25.76834706,26,Overweight,0
Rich Coggins,L,68,1.7272,170,77.11064,0.265,12,25.84812523,26,Overweight,0
Carl Taylor,R,74,1.8796,200,90.7184,0.266,10,25.67819599,26,Overweight,0
Bill Sharp,L,70,1.778,178,80.739376,0.255,9,25.54005777,26,Overweight,0
Rick Sofield,L,73,1.8542,195,88.45044,0.243,9,25.72686361,26,Overweight,0
Dave McNally,R,71,1.8034,185,83.91452,0.133,9,25.80197702,26,Overweight,0
Russ Gibson,R,73,1.8542,195,88.45044,0.228,8,25.72686361,26,Overweight,0
Sal Butera,R,72,1.8288,190,86.18248,0.227,8,25.76834706,26,Overweight,0
Broderick Perkins,L,70,1.778,180,81.64656,0.271,8,25.82702472,26,Overweight,0
Jeff Torborg,R,72,1.8288,195,88.45044,0.214,8,26.44646146,26,Overweight,0
Junior Moore,R,71,1.8034,185,83.91452,0.264,7,25.80197702,26,Overweight,0
Lynn Jones,R,69,1.7526,175,79.3786,0.252,7,25.84269609,26,Overweight,0
Sandy Valdespino,L,68,1.7272,170,77.11064,0.23,7,25.84812523,26,Overweight,0
Jim Rooker,R,72,1.8288,195,88.45044,0.201,7,26.44646146,26,Overweight,0
Tucker Ashford,R,73,1.8542,195,88.45044,0.218,6,25.72686361,26,Overweight,0
Catfish Hunter,R,72,1.8288,190,86.18248,0.226,6,25.76834706,26,Overweight,0
Hank Allen,R,72,1.8288,190,86.18248,0.241,6,25.76834706,26,Overweight,0
Frank Tepedino,L,71,1.8034,185,83.91452,0.241,6,25.80197702,26,Overweight,0
Mike Squires,L,71,1.8034,185,83.91452,0.26,6,25.80197702,26,Overweight,0
Rick Sweet,B,73,1.8542,200,90.7184,0.234,6,26.38652678,26,Overweight,0
Ken Suarez,R,69,1.7526,175,79.3786,0.227,5,25.84269609,26,Overweight,0
Andy Messersmith,R,73,1.8542,200,90.7184,0.17,5,26.38652678,26,Overweight,0
Steve Barber,L,72,1.8288,195,88.45044,0.115,5,26.44646146,26,Overweight,0
Vida Blue,B,72,1.8288,189,85.728888,0.104,4,25.63272418,26,Overweight,0
Larry Dierker,R,76,1.9304,215,97.52228,0.136,4,26.17033177,26,Overweight,0
Dave Skaggs,R,74,1.8796,200,90.7184,0.241,3,25.67819599,26,Overweight,0
Onix Concepcion,R,66,1.6764,160,72.57472,0.239,3,25.82438957,26,Overweight,0
Ron Brand,R,67,1.7018,167,75.749864,0.239,3,26.15560794,26,Overweight,0
Skip Jutze,R,71,1.8034,190,86.18248,0.215,3,26.49932775,26,Overweight,0
Jerry Koosman,R,74,1.8796,205,92.98636,0.119,2,26.32015089,26,Overweight,0
Glenn Burke,R,72,1.8288,195,88.45044,0.237,2,26.44646146,26,Overweight,0
Jim Barr,R,75,1.905,205,92.98636,0.162,1,25.62295933,26,Overweight,0
Luis Encarnacion,R,70,1.778,178,80.739376,0,0,25.54005777,26,Overweight,0
Mike Loynd,R,76,1.9304,210,95.25432,0,0,25.56171941,26,Overweight,0
Bill Moran,R,76,1.9304,210,95.25432,0,0,25.56171941,26,Overweight,0
Bob Kammeyer,R,76,1.9304,210,95.25432,0,0,25.56171941,26,Overweight,0
Mike Parrott,R,76,1.9304,210,95.25432,0,0,25.56171941,26,Overweight,0
Al Jones,R,76,1.9304,210,95.25432,0,0,25.56171941,26,Overweight,0
John Trautwein,R,75,1.905,205,92.98636,0,0,25.62295933,26,Overweight,0
Andy Beene,R,75,1.905,205,92.98636,0,0,25.62295933,26,Overweight,0
Gary Wheelock,R,75,1.905,205,92.98636,0,0,25.62295933,26,Overweight,0
Frank Dimichele,R,75,1.905,205,92.98636,0,0,25.62295933,26,Overweight,0
Don Kainer,R,75,1.905,205,92.98636,0,0,25.62295933,26,Overweight,0
Larry Pashnick,R,75,1.905,205,92.98636,0,0,25.62295933,26,Overweight,0
Steve Burke,B,74,1.8796,200,90.7184,0,0,25.67819599,26,Overweight,0
Steve Cummings,B,74,1.8796,200,90.7184,0,0,25.67819599,26,Overweight,0
Paul Boris,R,74,1.8796,200,90.7184,0,0,25.67819599,26,Overweight,0
John Leister,R,74,1.8796,200,90.7184,0,0,25.67819599,26,Overweight,0
Jerry Ujdur,R,73,1.8542,195,88.45044,0,0,25.72686361,26,Overweight,0
Paul Mitchell,R,73,1.8542,195,88.45044,0,0,25.72686361,26,Overweight,0
Chuck Hockenbery,B,73,1.8542,195,88.45044,0,0,25.72686361,26,Overweight,0
Jim Farr,R,73,1.8542,195,88.45044,0,0,25.72686361,26,Overweight,0
Steve Davis,L,73,1.8542,195,88.45044,0,0,25.72686361,26,Overweight,0
Sandy Wihtol,R,73,1.8542,195,88.45044,0,0,25.72686361,26,Overweight,0
Kevin Stanfield,L,72,1.8288,190,86.18248,0,0,25.76834706,26,Overweight,0
Bob Didier,B,72,1.8288,190,86.18248,0.229,0,25.76834706,26,Overweight,0
Mel Stottlemyre,R,72,1.8288,190,86.18248,0,0,25.76834706,26,Overweight,0
Tom Makowski,R,71,1.8034,185,83.91452,0,0,25.80197702,26,Overweight,0
Joe Pactwa,L,71,1.8034,185,83.91452,0,0,25.80197702,26,Overweight,0
Gary Ignasiak,R,71,1.8034,185,83.91452,0,0,25.80197702,26,Overweight,0
Chico Escarrega,R,71,1.8034,185,83.91452,0,0,25.80197702,26,Overweight,0
Frank Eufemia,R,71,1.8034,185,83.91452,0,0,25.80197702,26,Overweight,0
Allan Ramirez,R,70,1.778,180,81.64656,0,0,25.82702472,26,Overweight,0
Ben Callahan,R,79,2.0066,230,104.32616,0,0,25.91025019,26,Overweight,0
Mick Kelleher,R,69,1.7526,176,79.832192,0.213,0,25.99036864,26,Overweight,0
Cardell Camper,R,75,1.905,208,94.347136,0,0,25.99792947,26,Overweight,0
Rick Henninger,R,78,1.9812,225,102.0582,0,0,26.00107271,26,Overweight,0
Bob Ferris,R,78,1.9812,225,102.0582,0,0,26.00107271,26,Overweight,0
Kevin Mmahat,L,77,1.9558,220,99.79024,0,0,26.08790375,26,Overweight,0
Curt Wardle,L,77,1.9558,220,99.79024,0,0,26.08790375,26,Overweight,0
Mark Mercer,L,77,1.9558,220,99.79024,0,0,26.08790375,26,Overweight,0
Randy Nosek,R,76,1.9304,215,97.52228,0,0,26.17033177,26,Overweight,0
Bobby Cuellar,R,71,1.8034,188,85.275296,0,0,26.22038745,26,Overweight,0
Bud Anderson,R,75,1.905,210,95.25432,0,0,26.24790956,26,Overweight,0
Jeff Jones,R,75,1.905,210,95.25432,0,0,26.24790956,26,Overweight,0
Steve Senteney,R,74,1.8796,205,92.98636,0,0,26.32015089,26,Overweight,0
Mike Willis,L,74,1.8796,205,92.98636,0,0,26.32015089,26,Overweight,0
Matt Williams,R,73,1.8542,200,90.7184,0,0,26.38652678,26,Overweight,0
Dan Morogiello,L,73,1.8542,200,90.7184,0,0,26.38652678,26,Overweight,0
Ralph Botting,L,72,1.8288,195,88.45044,0,0,26.44646146,26,Overweight,0
Howard Bailey,R,72,1.8288,195,88.45044,0,0,26.44646146,26,Overweight,0
Mike Paxton,R,71,1.8034,190,86.18248,0,0,26.49932775,26,Overweight,0
Ron Cey,R,70,1.778,185,83.91452,0.261,316,26.54444207,27,Overweight,62.37288136
Gorman Thomas,R,74,1.8796,210,95.25432,0.225,268,26.96210579,27,Overweight,0
John Mayberry,L,75,1.905,215,97.52228,0.253,255,26.87285979,27,Overweight,0
Joe Torre,R,74,1.8796,212,96.161504,0.297,252,27.21888775,27,Overweight,0
Ted Simmons,B,71,1.8034,193,87.543256,0.285,248,26.91773818,27,Overweight,0
Bob Watson,R,72,1.8288,201,91.171992,0.295,184,27.26019873,27,Overweight,0
Pete Rose,B,71,1.8034,192,87.089664,0.303,160,26.77826804,27,Overweight,0
Doug Rader,R,74,1.8796,208,94.347136,0.251,155,26.70532383,27,Overweight,0
Earl Williams,R,75,1.905,215,97.52228,0.247,138,26.87285979,27,Overweight,0
Tommie Agee,R,71,1.8034,195,88.45044,0.255,130,27.19667848,27,Overweight,0
Wayne Gross,L,74,1.8796,210,95.25432,0.233,121,26.96210579,27,Overweight,0
Willie Aikens,L,75,1.905,220,99.79024,0.271,110,27.49781002,27,Overweight,0
Dave May,L,70,1.778,186,84.368112,0.251,96,26.68792554,27,Overweight,0
Bob Brenly,R,74,1.8796,210,95.25432,0.247,91,26.96210579,27,Overweight,0
Ed Kirkpatrick,L,71,1.8034,195,88.45044,0.238,85,27.19667848,27,Overweight,0
Johnny Edwards,L,76,1.9304,220,99.79024,0.242,81,26.77894414,27,Overweight,0
Rich Rollins,R,70,1.778,185,83.91452,0.269,77,26.54444207,27,Overweight,0
Merv Rettenmund,R,70,1.778,190,86.18248,0.271,66,27.26185942,27,Overweight,0
Charlie Spikes,R,75,1.905,215,97.52228,0.246,65,26.87285979,27,Overweight,0
Ron LeFlore,R,72,1.8288,200,90.7184,0.288,59,27.12457585,27,Overweight,0
Buck Martinez,R,70,1.778,190,86.18248,0.225,58,27.26185942,27,Overweight,0
Ron Jackson,R,72,1.8288,200,90.7184,0.259,56,27.12457585,27,Overweight,0
Dave Roberts,R,75,1.905,215,97.52228,0.239,49,26.87285979,27,Overweight,0
Jerry Turner,L,69,1.7526,180,81.64656,0.257,45,26.58105883,27,Overweight,0
John Orsino,R,75,1.905,215,97.52228,0.249,40,26.87285979,27,Overweight,0
Jerry Grote,R,70,1.778,185,83.91452,0.252,39,26.54444207,27,Overweight,0
Brant Alyea,R,75,1.905,215,97.52228,0.247,38,26.87285979,27,Overweight,0
Floyd Rayford,R,70,1.778,190,86.18248,0.244,38,27.26185942,27,Overweight,0
Walt Williams,R,66,1.6764,165,74.84268,0.27,33,26.63140175,27,Overweight,0
Ed Ott,L,70,1.778,190,86.18248,0.259,33,27.26185942,27,Overweight,0
Leron Lee,L,72,1.8288,196,88.904032,0.25,31,26.58208434,27,Overweight,0
Vic Correll,R,70,1.778,185,83.91452,0.229,29,26.54444207,27,Overweight,0
George Vukovich,L,72,1.8288,198,89.811216,0.268,27,26.8533301,27,Overweight,0
Norm Miller,L,70,1.778,185,83.91452,0.238,24,26.54444207,27,Overweight,0
Tom Egan,R,76,1.9304,218,98.883056,0.2,22,26.53549919,27,Overweight,0
Carmen Fanzone,R,72,1.8288,200,90.7184,0.224,20,27.12457585,27,Overweight,0
Doug Camilli,R,71,1.8034,195,88.45044,0.199,18,27.19667848,27,Overweight,0
Chuck Harrison,R,70,1.778,185,83.91452,0.238,17,26.54444207,27,Overweight,0
Steve Huntz,B,73,1.8542,204,92.532768,0.206,16,26.91425732,27,Overweight,0
Bobby Valentine,R,70,1.778,189,85.728888,0.26,12,27.11837595,27,Overweight,0
Steve Nicosia,R,70,1.778,185,83.91452,0.248,11,26.54444207,27,Overweight,0
Bombo Rivera,R,70,1.778,187,84.821704,0.265,10,26.83140901,27,Overweight,0
Dick Bertell,R,72,1.8288,200,90.7184,0.25,10,27.12457585,27,Overweight,0
Steve Hovley,L,70,1.778,188,85.275296,0.258,8,26.97489248,27,Overweight,0
Bill Fahey,L,72,1.8288,200,90.7184,0.241,7,27.12457585,27,Overweight,0
Carl Morton,R,72,1.8288,200,90.7184,0.156,7,27.12457585,27,Overweight,0
Jim Fairey,L,70,1.778,190,86.18248,0.235,7,27.26185942,27,Overweight,0
Dave Hilton,R,71,1.8034,191,86.636072,0.213,6,26.63879789,27,Overweight,0
Steve Renko,R,77,1.9558,230,104.32616,0.215,6,27.27371756,27,Overweight,0
Jim French,L,68,1.7272,180,81.64656,0.196,5,27.36860318,27,Overweight,0
Ray Culp,R,72,1.8288,200,90.7184,0.123,1,27.12457585,27,Overweight,0
Willie Mueller,R,76,1.9304,220,99.79024,0,0,26.77894414,27,Overweight,0
Stefan Wever,R,80,2.032,245,111.13004,0,0,26.91436039,27,Overweight,0
Rick Anderson,R,74,1.8796,210,95.25432,0,0,26.96210579,27,Overweight,0
Terry Wilshusen,R,74,1.8796,210,95.25432,0,0,26.96210579,27,Overweight,0
Bob Galasso,L,73,1.8542,205,92.98636,0,0,27.04618995,27,Overweight,0
Bryan Clutterbuck,R,76,1.9304,223,101.151016,0,0,27.14411156,27,Overweight,0
Dave Frost,R,78,1.9812,235,106.59412,0,0,27.15667594,27,Overweight,0
Bruce Tanner,L,75,1.905,220,99.79024,0,0,27.49781002,27,Overweight,0
Boog Powell,L,76,1.9304,230,104.32616,0.266,339,27.99616887,28,Overweight,68.2
Steve Garvey,R,70,1.778,192,87.089664,0.294,272,27.54882636,28,Overweight,0
Ken Phelps,L,73,1.8542,209,94.800728,0.239,123,27.57392049,28,Overweight,0
Carlos May,L,71,1.8034,200,90.7184,0.274,90,27.89402921,28,Overweight,0
Alex Johnson,R,72,1.8288,205,92.98636,0.288,78,27.80269025,28,Overweight,0
Lamar Johnson,R,74,1.8796,215,97.52228,0.287,64,27.60406069,28,Overweight,0
Jeff Newman,R,74,1.8796,215,97.52228,0.224,63,27.60406069,28,Overweight,0
Pat Putnam,L,72,1.8288,205,92.98636,0.255,63,27.80269025,28,Overweight,0
Ray Fosse,R,74,1.8796,215,97.52228,0.256,61,27.60406069,28,Overweight,0
Dave Nicholson,R,74,1.8796,215,97.52228,0.212,61,27.60406069,28,Overweight,0
Tony Solaita,L,72,1.8288,210,95.25432,0.255,50,28.48080465,28,Overweight,0
Mark Brouhard,R,73,1.8542,210,95.25432,0.259,25,27.70585312,28,Overweight,0
Gail Hopkins,L,70,1.778,198,89.811216,0.266,25,28.40972719,28,Overweight,0
Doc Edwards,R,74,1.8796,215,97.52228,0.238,15,27.60406069,28,Overweight,0
Don Leppert,R,74,1.8796,220,99.79024,0.229,15,28.24601559,28,Overweight,0
Tony Cloninger,R,72,1.8288,210,95.25432,0.192,11,28.48080465,28,Overweight,0
Mike Brumley,L,70,1.778,195,88.45044,0.229,5,27.97927677,28,Overweight,0
Burt Hooton,R,73,1.8542,210,95.25432,0.123,4,27.70585312,28,Overweight,0
Mark Smith,R,74,1.8796,215,97.52228,0,0,27.60406069,28,Overweight,0
Jack Lazorko,R,71,1.8034,200,90.7184,0,0,27.89402921,28,Overweight,0
